1,8,67,4,1,12,0,12,67,8,1,12,0,20,74,4,1,12,0
1,24,71,6,1,12,0,30,69,2,1,12,0,32,67,4,1,12,0
1,36,67,6,1,12,0,42,69,2,1,12,0,44,71,4,1,12,0
1,48,69,8,1,12,1,56,71,4,1,12,0,60,74,8,1,12,0
1,68,72,4,1,12,0,72,71,4,1,12,0,76,69,8,1,12,0
1,84,67,8,1,12,1,92,71,4,1,12,0,96,71,4,1,12,0
1,100,72,4,1,12,0,104,74,4,1,12,0,108,74,6,1,12,0
1,114,72,2,1,12,0,116,71,4,1,12,0,120,69,8,1,12,1
1,128,67,4,1,12,0,132,71,8,1,12,0,140,72,4,1,12,0
1,144,74,8,1,12,0,152,72,4,1,12,0,156,71,12,1,12,0
1,168,67,8,1,12,1,176,71,4,1,12,0,180,74,8,1,12,0
1,188,72,4,1,12,0,192,71,8,1,12,0,200,69,4,1,12,0
1,204,67,6,1,12,0,210,69,2,1,12,0,212,71,4,1,12,0
1,216,69,8,1,12,1,224,71,4,1,12,0,228,74,8,1,12,0
1,236,72,4,1,12,0,240,71,4,1,12,0,244,69,8,1,12,0
2,12,69,4,3,16,0,16,69,4,3,16,0,20,69,4,3,16,0
2,24,69,4,3,16,0,28,71,4,3,16,0,32,67,4,3,16,0
2,36,66,4,3,16,0,40,64,4,3,16,1,44,71,4,3,16,0
2,48,73,4,3,16,0,52,71,4,3,16,0,56,69,4,3,16,0
2,60,68,2,3,16,0,62,66,2,3,16,0,64,68,4,3,16,0
2,68,66,4,3,16,0,72,64,4,3,16,1,76,76,4,3,16,0
2,80,74,4,3,16,0,84,73,4,3,16,0,88,71,4,3,16,0
2,92,69,4,3,16,0,96,69,2,3,16,0,98,71,2,3,16,0
2,100,73,4,3,16,0,104,71,4,3,16,1,108,73,4,3,16,0
2,112,74,4,3,16,0,116,73,4,3,16,0,120,71,4,3,16,0
2,124,70,4,3,16,0,128,71,12,3,16,1,140,64,4,3,16,0
2,144,69,4,3,16,0,148,71,4,3,16,0,152,73,4,3,16,0
2,156,74,4,3,16,0,160,76,4,3,16,0,164,74,2,3,16,0
2,166,73,2,3,16,0,168,71,4,3,16,1,172,74,4,3,16,0
2,176,73,4,3,16,0,180,71,4,3,16,0,184,64,6,3,16,0
2,190,74,2,3,16,0,192,73,2,3,16,0,194,71,2,3,16,0
2,196,69,2,3,16,0,198,71,2,3,16,0,200,73,4,3,16,0
3,12,71,4,1,16,0,16,72,4,1,16,0,20,71,4,1,16,0
3,24,69,4,1,16,0,28,76,4,1,16,0,32,76,2,1,16,0
3,34,74,2,1,16,0,36,72,4,1,16,0,40,71,4,1,16,1
3,44,74,4,1,16,0,48,72,4,1,16,0,52,71,4,1,16,0
3,56,69,4,1,16,0,60,71,2,1,16,0,62,72,1,1,16,0
3,63,74,1,1,16,0,64,72,4,1,16,0,68,71,4,1,16,0
3,72,69,4,1,16,1,76,69,4,1,16,0,80,71,2,1,16,0
3,82,69,2,1,16,0,84,67,4,1,16,0,88,66,4,1,16,0
3,92,64,2,1,16,0,94,66,2,1,16,0,96,67,4,1,16,0
3,100,69,4,1,16,0,104,71,4,1,16,1,108,67,4,1,16,0
3,112,69,2,1,16,0,114,71,2,1,16,0,116,72,4,1,16,0
3,120,71,4,1,16,0,124,72,2,1,16,0,126,71,2,1,16,0
3,128,69,4,1,16,0,132,68,4,1,16,0,136,69,4,1,16,1
3,140,69,4,1,16,0,144,76,4,1,16,0,148,72,4,1,16,0
3,152,74,4,1,16,0,156,76,4,1,16,0,160,74,4,1,16,0
4,12,71,4,4,16,0,16,71,4,4,16,0,20,71,4,4,16,0
4,24,71,4,4,16,0,28,74,4,4,16,0,32,73,4,4,16,0
4,36,71,4,4,16,0,40,69,4,4,16,1,44,71,4,4,16,0
4,48,68,4,4,16,0,52,64,2,4,16,0,54,66,2,4,16,0
4,56,68,4,4,16,0,60,70,4,4,16,0,64,71,4,4,16,0
4,68,73,4,4,16,0,72,71,4,4,16,1,76,71,4,4,16,0
4,80,76,4,4,16,0,84,75,4,4,16,0,88,73,4,4,16,0
4,92,75,4,4,16,0,96,76,2,4,16,0,98,75,2,4,16,0
4,100,73,4,4,16,0,104,71,4,4,16,1,108,71,4,4,16,0
4,112,76,4,4,16,0,116,71,4,4,16,0,120,73,4,4,16,0
4,124,68,2,4,16,0,126,69,2,4,16,0,128,71,4,4,16,0
4,132,69,4,4,16,0,136,68,4,4,16,1,140,68,4,4,16,0
4,144,66,4,4,16,0,148,69,4,4,16,0,152,68,4,4,16,0
4,156,66,4,4,16,0,160,61,4,4,16,0,164,63,4,4,16,0
5,12,74,4,1,16,0,16,76,4,1,16,0,20,74,2,1,16,0
5,22,72,2,1,16,0,24,71,2,1,16,0,26,72,2,1,16,0
5,28,74,4,1,16,0,32,72,2,1,16,0,34,71,2,1,16,0
5,36,72,4,1,16,0,40,71,4,1,16,1,44,69,4,1,16,0
5,48,71,4,1,16,0,52,72,4,1,16,0,56,74,4,1,16,0
5,60,72,2,1,16,0,62,71,2,1,16,0,64,69,2,1,16,0
5,66,67,2,1,16,0,68,69,4,1,16,0,72,67,4,1,16,1
5,76,67,4,1,16,0,80,69,4,1,16,0,84,71,4,1,16,0
5,88,72,2,1,16,0,90,71,2,1,16,0,92,69,4,1,16,0
5,96,71,4,1,16,0,100,69,4,1,16,0,104,67,4,1,16,1
5,108,67,2,1,16,0,110,69,2,1,16,0,112,71,4,1,16,0
5,116,72,4,1,16,0,120,74,4,1,16,0,124,76,4,1,16,0
5,128,71,4,1,16,0,132,73,4,1,16,0,136,74,4,1,16,1
5,140,71,2,1,16,0,142,72,2,1,16,0,144,74,4,1,16,0
5,148,76,4,1,16,0,152,74,2,1,16,0,154,72,2,1,16,0
5,156,71,4,1,16,0,160,72,8,1,16,0,168,71,4,1,16,1
5,172,76,4,1,16,0,176,76,4,1,16,0,180,76,4,1,16,0
5,184,69,4,1,16,0,188,74,4,1,16,0,192,72,4,1,16,0
5,196,71,4,1,16,0,200,69,4,1,16,1,204,72,4,1,16,0
5,208,71,4,1,16,0,212,69,4,1,16,0,216,67,4,1,16,0
5,220,69,2,1,16,0,222,67,2,1,16,0,224,65,4,1,16,0
5,228,64,4,1,16,0,232,62,4,1,16,1,236,62,4,1,16,0
5,240,67,4,1,16,0,244,69,4,1,16,0,248,71,6,1,16,0
5,254,72,2,1,16,0,256,74,4,1,16,0,260,72,2,1,16,0
5,262,71,2,1,16,0,264,69,4,1,16,0,268,71,2,1,16,0
6,12,65,4,-1,16,0,16,69,4,-1,16,0,20,67,4,-1,16,0
6,24,69,4,-1,16,0,28,70,4,-1,16,0,32,72,8,-1,16,0
6,40,69,4,-1,16,1,44,74,4,-1,16,0,48,72,4,-1,16,0
6,52,70,4,-1,16,0,56,69,4,-1,16,0,60,67,4,-1,16,0
6,64,69,8,-1,16,1,76,72,4,-1,16,0,80,74,4,-1,16,0
6,84,76,4,-1,16,0,88,77,4,-1,16,0,92,76,4,-1,16,0
6,96,74,8,-1,16,0,104,72,4,-1,16,1,108,69,4,-1,16,0
6,112,70,4,-1,16,0,116,69,4,-1,16,0,120,67,4,-1,16,0
7,8,69,4,3,12,0,12,69,8,3,12,0,20,68,4,3,12,0
7,24,66,8,3,12,0,32,64,4,3,12,0,36,69,4,3,12,0
7,40,71,8,3,12,0,48,73,8,3,12,1,56,73,4,3,12,0
7,60,73,4,3,12,0,64,71,4,3,12,0,68,73,4,3,12,0
7,72,73,8,3,12,0,80,71,4,3,12,0,84,69,4,3,12,0
7,88,71,8,3,12,0,96,69,8,3,12,1,104,69,4,3,12,0
7,108,69,4,3,12,0,112,71,4,3,12,0,116,73,4,3,12,0
7,120,71,8,3,12,0,128,73,4,3,12,0,132,69,4,3,12,0
7,136,68,8,3,12,0,144,66,8,3,12,1,152,71,4,3,12,0
7,156,71,4,3,12,0,160,69,4,3,12,0,164,68,4,3,12,0
7,168,69,4,3,12,0,172,66,8,3,12,0,180,64,8,3,12,1
7,188,64,4,3,12,0,192,69,8,3,12,0,200,69,4,3,12,0
7,204,71,8,3,12,0,212,71,4,3,12,0,216,73,6,3,12,0
7,222,71,2,3,12,0,224,73,4,3,12,0,228,69,8,3,12,1
7,236,69,4,3,12,0,240,74,8,3,12,0,248,74,4,3,12,0
7,252,73,4,3,12,0,256,71,4,3,12,0,260,73,4,3,12,0
7,264,71,8,3,12,1,272,71,4,3,12,0,276,73,8,3,12,0
7,284,73,4,3,12,0,288,74,8,3,12,0,296,74,4,3,12,0
7,300,76,12,3,12,0,312,69,8,3,12,1,320,73,4,3,12,0
7,324,71,4,3,12,0,328,69,4,3,12,0,332,68,4,3,12,0
7,336,69,4,3,12,0,340,66,8,3,12,0,348,64,8,3,12,1
7,356,64,4,3,12,0,360,69,8,3,12,0,368,68,4,3,12,0
7,372,66,8,3,12,0,380,64,4,3,12,0,384,71,4,3,12,0
7,388,73,8,3,12,0,396,71,8,3,12,1,404,73,4,3,12,0
7,408,74,8,3,12,0,416,73,4,3,12,0,420,71,4,3,12,0
7,424,69,2,3,12,0,426,68,2,3,12,0,428,69,2,3,12,0
7,430,71,2,3,12,0,432,73,4,3,12,0,436,71,8,3,12,0
8,0,72,4,-4,16,0,4,72,4,-4,16,0,8,70,4,-4,16,0
8,12,68,4,-4,16,0,16,67,6,-4,16,0,22,65,2,-4,16,0
8,24,65,4,-4,16,0,28,65,4,-4,16,1,32,68,6,-4,16,0
8,38,70,2,-4,16,0,40,72,4,-4,16,0,44,72,4,-4,16,0
8,48,70,6,-4,16,0,54,68,2,-4,16,0,56,68,8,-4,16,1
8,64,68,4,-4,16,0,68,70,4,-4,16,0,72,70,4,-4,16,0
8,76,68,4,-4,16,0,80,67,6,-4,16,0,86,65,2,-4,16,0
8,88,65,8,-4,16,1,96,72,4,-4,16,0,100,72,4,-4,16,0
8,104,73,4,-4,16,0,108,73,4,-4,16,0,112,70,4,-4,16,0
8,116,70,4,-4,16,0,120,72,4,-4,16,0,124,72,4,-4,16,1
8,128,68,4,-4,16,0,132,68,4,-4,16,0,136,73,4,-4,16,0
8,140,73,4,-4,16,0,144,72,4,-4,16,0,148,72,4,-4,16,0
8,152,70,8,-4,16,1,160,67,4,-4,16,0,164,68,4,-4,16,0
8,168,70,4,-4,16,0,172,68,4,-4,16,0,176,67,4,-4,16,0
8,180,67,4,-4,16,0,184,65,8,-4,16,1,192,77,4,-4,16,0
8,196,77,4,-4,16,0,200,75,4,-4,16,0,204,75,4,-4,16,0
8,208,74,4,-4,16,0,212,74,4,-4,16,0,216,72,4,-4,16,0
8,220,72,4,-4,16,1,224,72,4,-4,16,0,228,72,4,-4,16,0
8,232,73,4,-4,16,0,236,72,4,-4,16,0,240,70,6,-4,16,0
8,246,68,2,-4,16,0,248,68,4,-4,16,0,252,68,4,-4,16,1
8,256,68,4,-4,16,0,260,68,4,-4,16,0,264,73,4,-4,16,0
8,268,73,4,-4,16,0,272,70,4,-4,16,0,276,70,4,-4,16,0
8,280,75,4,-4,16,0,284,75,4,-4,16,0,288,72,4,-4,16,0
8,292,72,4,-4,16,0,296,77,4,-4,16,0,300,77,4,-4,16,0
8,304,76,4,-4,16,0,308,76,4,-4,16,0,312,77,4,-4,16,0
9,12,67,4,1,16,0,16,67,4,1,16,0,20,69,4,1,16,0
9,24,71,2,1,16,0,26,73,2,1,16,0,28,74,4,1,16,0
9,32,74,4,1,16,0,36,73,4,1,16,0,40,74,4,1,16,1
9,44,71,4,1,16,0,48,72,4,1,16,0,52,71,4,1,16,0
9,56,69,4,1,16,0,60,71,4,1,16,0,64,69,8,1,16,0
9,72,67,4,1,16,1,76,69,4,1,16,0,80,69,4,1,16,0
9,84,71,4,1,16,0,88,72,4,1,16,0,92,72,4,1,16,0
9,96,71,2,1,16,0,98,69,2,1,16,0,100,71,4,1,16,0
9,104,69,4,1,16,1,108,71,4,1,16,0,112,71,4,1,16,0
9,116,71,4,1,16,0,120,72,2,1,16,0,122,74,2,1,16,0
9,124,76,4,1,16,0,128,76,4,1,16,0,132,75,4,1,16,0
9,136,76,4,1,16,1,140,78,4,1,16,0,144,79,4,1,16,0
9,148,71,4,1,16,0,152,72,4,1,16,0,156,71,4,1,16,0
9,160,69,8,1,16,0,168,69,4,1,16,1,172,74,4,1,16,0
9,176,76,4,1,16,0,180,74,4,1,16,0,184,72,4,1,16,0
9,188,71,2,1,16,0,190,72,2,1,16,0,192,69,8,1,16,0
10,0,71,8,0,16,0,8,64,4,0,16,0,12,71,4,0,16,0
10,16,72,4,0,16,0,20,71,2,0,16,0,22,69,2,0,16,0
10,24,67,4,0,16,0,28,69,4,0,16,0,32,71,8,0,16,1
10,40,71,8,0,16,0,48,72,4,0,16,0,52,74,4,0,16,0
10,56,72,2,0,16,0,58,71,2,0,16,0,60,69,4,0,16,0
10,64,67,4,0,16,0,68,65,4,0,16,0,72,64,8,0,16,1
10,80,69,8,0,16,0,88,67,4,0,16,0,92,72,4,0,16,0
10,96,71,4,0,16,0,100,69,4,0,16,0,104,74,2,0,16,0
10,106,72,2,0,16,0,108,71,4,0,16,0,112,69,8,0,16,1
10,120,72,8,0,16,0,128,71,4,0,16,0,132,72,4,0,16,0
10,136,74,4,0,16,0,140,67,4,0,16,0,144,71,4,0,16,0
10,148,69,4,0,16,0,152,67,8,0,16,1,160,67,8,0,16,0
10,168,72,4,0,16,0,172,71,4,0,16,0,176,69,4,0,16,0
10,180,64,4,0,16,0,184,67,4,0,16,0,188,65,4,0,16,0
12,8,69,4,0,12,0,12,69,8,0,12,0,20,69,4,0,12,0
12,24,71,8,0,12,0,32,71,4,0,12,0,36,72,4,0,12,0
12,40,71,4,0,12,0,44,69,4,0,12,0,48,67,12,0,12,1
12,60,72,8,0,12,0,68,74,4,0,12,0,72,72,8,0,12,0
12,80,71,4,0,12,0,84,72,8,0,12,1,92,72,4,0,12,0
12,96,72,8,0,12,0,104,72,4,0,12,0,108,71,8,0,12,0
12,116,69,4,0,12,0,120,69,4,0,12,0,124,71,4,0,12,0
12,128,68,4,0,12,0,132,69,8,0,12,1,140,69,4,0,12,0
12,144,67,8,0,12,0,152,69,4,0,12,0,156,71,8,0,12,0
12,164,71,4,0,12,0,168,72,8,0,12,0,176,71,4,0,12,0
17,0,64,4,4,12,0,4,64,4,4,12,0,8,64,4,4,12,0
17,12,71,8,4,12,0,20,73,4,4,12,0,24,74,4,4,12,0
17,28,73,4,4,12,0,32,71,4,4,12,0,36,69,12,4,12,1
17,48,71,4,4,12,0,52,73,4,4,12,0,56,75,4,4,12,0
17,60,76,8,4,12,0,68,71,4,4,12,0,72,74,4,4,12,0
17,76,73,8,4,12,0,84,71,8,4,12,1,92,71,4,4,12,0
17,96,74,4,4,12,0,100,72,4,4,12,0,104,71,4,4,12,0
17,108,69,4,4,12,0,112,67,4,4,12,0,116,66,4,4,12,0
17,120,67,4,4,12,0,124,64,8,4,12,0,132,62,8,4,12,1
17,140,62,4,4,12,0,144,67,8,4,12,0,152,69,4,4,12,0
17,156,71,8,4,12,0,164,69,4,4,12,0,168,67,4,4,12,0
17,172,74,8,4,12,0,180,71,8,4,12,1,188,69,4,4,12,0
19,12,67,4,-2,16,0,16,67,4,-2,16,0,20,67,4,-2,16,0
19,24,66,4,-2,16,0,28,70,4,-2,16,0,32,69,4,-2,16,0
19,36,67,4,-2,16,0,40,66,4,-2,16,1,44,66,4,-2,16,0
19,48,66,4,-2,16,0,52,66,4,-2,16,0,56,67,4,-2,16,0
19,60,64,4,-2,16,0,64,66,4,-2,16,0,68,66,4,-2,16,0
19,72,67,4,-2,16,1,76,69,4,-2,16,0,80,69,4,-2,16,0
19,84,72,4,-2,16,0,88,69,4,-2,16,0,92,65,4,-2,16,0
19,96,67,4,-2,16,0,100,69,4,-2,16,0,104,70,4,-2,16,1
19,108,70,4,-2,16,0,112,69,4,-2,16,0,116,67,4,-2,16,0
19,120,66,4,-2,16,1,124,66,4,-2,16,0,128,66,4,-2,16,0
19,132,66,4,-2,16,0,136,67,4,-2,16,0,140,64,4,-2,16,0
20,12,74,4,2,16,0,16,74,4,2,16,0,20,74,4,2,16,0
20,24,69,2,2,16,0,26,71,2,2,16,0,28,73,4,2,16,0
20,32,74,2,2,16,0,34,73,2,2,16,0,36,71,4,2,16,0
20,40,69,4,2,16,1,44,74,4,2,16,0,48,73,4,2,16,0
20,52,71,4,2,16,0,56,69,4,2,16,0,60,71,4,2,16,0
20,64,67,2,2,16,0,66,66,2,2,16,0,68,64,4,2,16,0
20,72,62,4,2,16,1,76,62,4,2,16,0,80,69,4,2,16,0
20,84,71,4,2,16,0,88,69,4,2,16,0,92,68,4,2,16,0
20,96,69,8,2,16,1,104,62,4,2,16,0,108,69,4,2,16,0
20,112,71,4,2,16,0,116,73,4,2,16,0,120,74,4,2,16,1
20,124,73,4,2,16,0,128,74,2,2,16,0,130,73,2,2,16,0
20,132,71,4,2,16,0,136,69,4,2,16,1,140,71,4,2,16,0
20,144,71,4,2,16,0,148,69,4,2,16,0,152,71,2,2,16,0
20,154,69,2,2,16,0,156,67,4,2,16,0,160,66,4,2,16,1
20,164,74,4,2,16,0,168,73,4,2,16,0,172,71,4,2,16,0
20,176,69,4,2,16,0,180,71,2,2,16,0,182,69,2,2,16,0
20,184,67,4,2,16,0,188,66,4,2,16,0,192,64,8,2,16,0
21,12,64,4,0,16,0,16,69,4,0,16,0,20,67,4,0,16,0
21,24,65,4,0,16,0,28,64,4,0,16,0,32,62,8,0,16,0
21,40,64,4,0,16,1,44,71,4,0,16,0,48,72,4,0,16,0
21,52,72,4,0,16,0,56,71,4,0,16,0,60,71,4,0,16,0
21,64,69,12,0,16,1,76,72,4,0,16,0,80,71,4,0,16,0
21,84,67,4,0,16,0,88,69,4,0,16,0,92,71,4,0,16,0
21,96,72,8,0,16,0,104,72,4,0,16,1,108,67,4,0,16,0
21,112,69,4,0,16,0,116,67,4,0,16,0,120,69,4,0,16,0
21,124,65,4,0,16,0,128,64,12,0,16,1,140,72,4,0,16,0
21,144,71,2,0,16,0,146,72,2,0,16,0,148,74,4,0,16,0
21,152,72,4,0,16,0,156,71,4,0,16,0,160,69,8,0,16,0
21,168,71,4,0,16,1,172,64,4,0,16,0,176,65,4,0,16,0
21,180,64,4,0,16,0,184,62,4,0,16,0,188,67,4,0,16,0
22,0,69,4,-1,16,0,4,67,4,-1,16,0,8,65,4,-1,16,0
22,12,67,4,-1,16,0,16,69,2,-1,16,0,18,70,2,-1,16,0
22,20,72,4,-1,16,0,24,70,8,-1,16,0,32,69,8,-1,16,1
22,40,72,4,-1,16,0,44,69,4,-1,16,0,48,70,4,-1,16,0
22,52,69,2,-1,16,0,54,67,2,-1,16,0,56,65,2,-1,16,0
22,58,67,2,-1,16,0,60,69,4,-1,16,0,64,67,8,-1,16,0
22,72,65,8,-1,16,1,80,72,4,-1,16,0,84,74,2,-1,16,0
22,86,76,2,-1,16,0,88,77,4,-1,16,0,92,77,4,-1,16,0
22,96,76,2,-1,16,0,98,74,2,-1,16,0,100,72,2,-1,16,0
22,102,74,2,-1,16,0,104,74,8,-1,16,0,112,72,8,-1,16,1
22,120,72,4,-1,16,0,124,74,2,-1,16,0,126,76,2,-1,16,0
22,128,77,4,-1,16,0,132,77,4,-1,16,0,136,76,2,-1,16,0
22,138,74,2,-1,16,0,140,72,2,-1,16,0,142,74,2,-1,16,0
22,144,74,8,-1,16,0,152,72,8,-1,16,1,160,67,4,-1,16,0
22,164,69,4,-1,16,0,168,70,4,-1,16,0,172,70,4,-1,16,0
22,176,69,2,-1,16,0,178,72,2,-1,16,0,180,70,2,-1,16,0
22,182,69,2,-1,16,0,184,67,4,-1,16,0,188,67,4,-1,16,1
22,192,72,4,-1,16,0,196,69,4,-1,16,0,200,70,4,-1,16,0
22,204,69,2,-1,16,0,206,67,2,-1,16,0,208,65,2,-1,16,0
22,210,67,2,-1,16,0,212,69,4,-1,16,0,216,67,8,-1,16,0
24,12,62,4,2,16,0,16,69,4,2,16,0,20,69,4,2,16,0
24,24,71,4,2,16,0,28,73,4,2,16,0,32,74,8,2,16,0
24,40,74,4,2,16,1,44,78,4,2,16,0,48,76,4,2,16,0
24,52,74,4,2,16,0,56,74,4,2,16,0,60,73,4,2,16,0
24,64,74,12,2,16,1,76,74,2,2,16,0,78,76,2,2,16,0
24,80,78,4,2,16,0,84,78,4,2,16,0,88,76,6,2,16,0
24,94,74,2,2,16,0,96,73,2,2,16,0,98,71,2,2,16,0
24,100,73,4,2,16,0,104,69,4,2,16,1,108,73,4,2,16,0
24,112,74,4,2,16,0,116,73,4,2,16,0,120,71,4,2,16,0
24,124,71,4,2,16,0,128,69,12,2,16,1,140,69,4,2,16,0
24,144,66,2,2,16,0,146,67,2,2,16,0,148,69,4,2,16,0
24,152,71,4,2,16,0,156,69,4,2,16,0,160,69,4,2,16,0
24,164,67,2,2,16,0,166,66,2,2,16,0,168,66,4,2,16,1
24,172,69,4,2,16,0,176,67,4,2,16,0,180,66,4,2,16,0
25,12,66,4,3,16,0,16,66,4,3,16,0,20,68,4,3,16,0
25,24,69,4,3,16,0,28,71,4,3,16,0,32,73,8,3,16,1
25,44,73,4,3,16,0,48,73,6,3,16,0,54,71,2,3,16,0
25,56,69,4,3,16,0,60,71,4,3,16,0,64,68,8,3,16,1
25,76,68,4,3,16,0,80,69,4,3,16,0,84,71,4,3,16,0
25,88,73,4,3,16,0,92,73,4,3,16,0,96,71,8,3,16,0
25,104,73,4,3,16,1,108,73,4,3,16,0,112,69,4,3,16,0
25,116,71,4,3,16,0,120,73,4,3,16,0,124,74,2,3,16,0
25,126,76,2,3,16,0,128,73,4,3,16,0,132,71,2,3,16,0
25,134,69,2,3,16,0,136,69,4,3,16,1,140,73,4,3,16,0
25,144,76,4,3,16,0,148,73,4,3,16,0,152,73,4,3,16,0
25,156,73,4,3,16,0,160,71,8,3,16,0,168,71,4,3,16,1
25,172,71,4,3,16,0,176,73,6,3,16,0,182,71,2,3,16,0
25,184,69,4,3,16,0,188,71,2,3,16,0,190,69,2,3,16,0
26,12,65,2,-1,16,0,14,67,2,-1,16,0,16,69,4,-1,16,0
26,20,70,4,-1,16,0,24,72,4,-1,16,0,28,72,4,-1,16,0
26,32,74,4,-1,16,0,36,76,4,-1,16,0,40,77,4,-1,16,1
26,44,65,2,-1,16,0,46,67,2,-1,16,0,48,69,4,-1,16,0
26,52,70,4,-1,16,0,56,72,4,-1,16,0,60,72,4,-1,16,0
26,64,70,4,-1,16,0,68,69,4,-1,16,0,72,67,4,-1,16,1
26,76,69,4,-1,16,0,80,65,4,-1,16,0,84,65,4,-1,16,0
26,88,70,4,-1,16,0,92,69,4,-1,16,0,96,67,8,-1,16,0
26,104,65,4,-1,16,1,108,72,4,-1,16,0,112,67,4,-1,16,0
26,116,69,4,-1,16,0,120,70,4,-1,16,0,124,70,4,-1,16,0
26,128,69,4,-1,16,0,132,69,4,-1,16,0,136,67,4,-1,16,1
26,140,72,4,-1,16,0,144,74,4,-1,16,0,148,76,4,-1,16,0
26,152,77,4,-1,16,0,156,69,4,-1,16,0,160,67,4,-1,16,0
27,12,70,4,-2,16,0,16,70,4,-2,16,0,20,69,2,-2,16,0
27,22,67,2,-2,16,0,24,65,4,-2,16,0,28,70,4,-2,16,0
27,32,72,4,-2,16,0,36,74,4,-2,16,0,40,70,4,-2,16,1
27,44,65,4,-2,16,0,48,70,4,-2,16,0,52,72,4,-2,16,0
27,56,74,4,-2,16,0,60,75,4,-2,16,0,64,72,2,-2,16,0
27,66,70,2,-2,16,0,68,72,4,-2,16,0,72,70,4,-2,16,1
27,76,70,4,-2,16,0,80,67,4,-2,16,0,84,69,4,-2,16,0
27,88,70,2,-2,16,0,90,69,2,-2,16,0,92,67,4,-2,16,0
27,96,65,4,-2,16,0,100,64,4,-2,16,0,104,65,4,-2,16,1
27,108,65,4,-2,16,0,112,70,4,-2,16,0,116,72,4,-2,16,0
27,120,74,4,-2,16,0,124,75,4,-2,16,0,128,74,4,-2,16,0
27,132,72,4,-2,16,0,136,74,4,-2,16,1,140,72,4,-2,16,0
27,144,74,4,-2,16,0,148,75,4,-2,16,0,152,77,2,-2,16,0
27,154,75,2,-2,16,0,156,74,4,-2,16,0,160,72,2,-2,16,0
28,0,71,4,2,16,0,4,71,4,2,16,0,8,69,4,2,16,0
28,12,74,4,2,16,0,16,73,2,2,16,0,18,71,2,2,16,0
28,20,73,4,2,16,0,24,71,8,2,16,1,32,71,2,2,16,0
28,34,73,2,2,16,0,36,74,4,2,16,0,40,76,4,2,16,0
28,44,74,4,2,16,0,48,76,4,2,16,0,52,78,4,2,16,0
28,56,74,8,2,16,1,64,74,4,2,16,0,68,76,4,2,16,0
28,72,78,2,2,16,0,74,76,2,2,16,0,76,74,4,2,16,0
28,80,76,2,2,16,0,82,74,2,2,16,0,84,73,4,2,16,0
28,88,71,8,2,16,1,96,71,4,2,16,0,100,71,4,2,16,0
28,104,69,4,2,16,0,108,74,4,2,16,0,112,73,2,2,16,0
29,0,67,4,1,16,0,4,69,4,1,16,0,8,71,4,1,16,0
29,12,69,4,1,16,0,16,67,4,1,16,0,20,66,4,1,16,0
29,24,64,4,1,16,0,28,62,4,1,16,1,32,67,4,1,16,0
29,36,69,4,1,16,0,40,71,4,1,16,0,44,72,4,1,16,0
29,48,71,4,1,16,0,52,69,4,1,16,0,56,67,8,1,16,1
29,64,71,4,1,16,0,68,72,4,1,16,0,72,74,4,1,16,0
29,76,72,4,1,16,0,80,71,4,1,16,0,84,69,4,1,16,0
29,88,71,8,1,16,1,96,74,4,1,16,0,100,74,4,1,16,0
29,104,76,4,1,16,0,108,74,4,1,16,0,112,72,4,1,16,0
29,116,71,4,1,16,0,120,69,8,1,16,1,128,71,4,1,16,0
29,132,74,4,1,16,0,136,72,4,1,16,0,140,71,2,1,16,0
29,142,69,2,1,16,0,144,67,4,1,16,0,148,69,4,1,16,0
29,152,71,8,1,16,0,160,67,8,1,16,1,168,71,2,1,16,0
29,170,72,2,1,16,0,172,74,4,1,16,0,176,72,4,1,16,0
29,180,71,4,1,16,0,184,69,4,1,16,0,188,71,4,1,16,0
31,12,72,4,0,16,0,16,72,4,0,16,0,20,69,2,0,16,0
31,22,71,2,0,16,0,24,72,2,0,16,0,26,74,2,0,16,0
31,28,76,4,0,16,0,32,74,2,0,16,0,34,76,1,0,16,0
31,35,77,1,0,16,0,36,74,4,0,16,0,40,72,4,0,16,1
31,44,72,4,0,16,0,48,71,4,0,16,0,52,69,2,0,16,0
31,54,71,2,0,16,0,56,72,4,0,16,0,60,74,2,0,16,0
31,62,72,2,0,16,0,64,71,8,0,16,0,72,69,4,0,16,1
31,76,74,4,0,16,0,80,76,4,0,16,0,84,76,4,0,16,0
31,88,71,2,0,16,0,90,72,2,0,16,0,92,74,4,0,16,0
31,96,72,4,0,16,0,100,72,4,0,16,0,104,71,4,0,16,1
31,108,72,4,0,16,0,112,74,4,0,16,0,116,69,2,0,16,0
31,118,71,2,0,16,0,120,72,4,0,16,0,124,71,4,0,16,0
31,128,69,1,0,16,0,129,71,1,0,16,0,130,72,2,0,16,0
31,132,69,4,0,16,0,136,67,4,0,16,1,140,72,4,0,16,0
31,144,71,4,0,16,0,148,69,2,0,16,0,150,71,2,0,16,0
31,152,72,4,0,16,0,156,74,2,0,16,0,158,72,2,0,16,0
32,12,76,4,3,16,0,16,76,4,3,16,0,20,76,4,3,16,0
32,24,78,4,3,16,0,28,78,4,3,16,0,32,76,8,3,16,1
32,44,73,4,3,16,0,48,74,4,3,16,0,52,73,4,3,16,0
32,56,71,4,3,16,0,60,73,3,3,16,0,63,74,1,3,16,0
32,64,71,8,3,16,0,72,69,4,3,16,1,76,71,4,3,16,0
32,80,71,4,3,16,0,84,71,4,3,16,0,88,73,4,3,16,0
32,92,73,4,3,16,0,96,71,8,3,16,1,108,71,4,3,16,0
32,112,73,2,3,16,0,114,75,2,3,16,0,116,76,4,3,16,0
32,120,76,4,3,16,0,124,75,4,3,16,0,128,76,8,3,16,1
32,140,76,4,3,16,0,144,78,4,3,16,0,148,76,4,3,16,0
32,152,74,4,3,16,0,156,73,4,3,16,0,160,74,8,3,16,1
32,172,73,4,3,16,0,176,71,4,3,16,0,180,73,3,3,16,0
32,183,74,1,3,16,0,184,71,6,3,16,0,190,69,2,3,16,0
33,0,69,4,0,16,0,4,64,2,0,16,0,6,66,2,0,16,0
33,8,68,4,0,16,0,12,69,4,0,16,0,16,71,2,0,16,0
33,18,72,1,0,16,0,19,74,1,0,16,0,20,72,2,0,16,0
33,22,71,2,0,16,0,24,71,4,0,16,0,28,69,4,0,16,1
33,32,72,4,0,16,0,36,71,4,0,16,0,40,69,4,0,16,0
33,44,71,4,0,16,0,48,72,4,0,16,0,52,74,4,0,16,0
33,56,76,8,0,16,1,64,76,4,0,16,0,68,77,4,0,16,0
33,72,79,4,0,16,0,76,72,4,0,16,0,80,77,4,0,16,0
33,84,76,4,0,16,0,88,74,4,0,16,0,92,72,4,0,16,1
33,96,74,4,0,16,0,100,74,4,0,16,0,104,76,4,0,16,0
33,108,69,4,0,16,0,112,74,4,0,16,0,116,72,2,0,16,0
34,12,64,4,0,16,0,16,67,4,0,16,0,20,67,4,0,16,0
34,24,69,4,0,16,0,28,71,4,0,16,0,32,72,4,0,16,0
34,36,71,4,0,16,0,40,69,4,0,16,1,44,67,4,0,16,0
34,48,72,4,0,16,0,52,71,4,0,16,0,56,72,4,0,16,0
34,60,69,4,0,16,0,64,67,4,0,16,0,68,65,4,0,16,0
34,72,64,4,0,16,1,76,64,4,0,16,0,80,69,4,0,16,0
34,84,69,4,0,16,0,88,67,4,0,16,0,92,72,4,0,16,0
34,96,71,4,0,16,0,100,69,4,0,16,0,104,67,4,0,16,1
34,108,67,4,0,16,0,112,72,4,0,16,0,116,67,4,0,16,0
34,120,69,4,0,16,0,124,64,4,0,16,0,128,69,2,0,16,0
34,130,67,2,0,16,0,132,65,4,0,16,0,136,64,4,0,16,1
34,140,64,4,0,16,0,144,69,4,0,16,0,148,69,4,0,16,0
34,152,67,2,0,16,0,154,65,2,0,16,0,156,64,4,0,16,0
34,160,65,4,0,16,0,164,62,4,0,16,0,168,60,4,0,16,1
34,172,60,4,0,16,0,176,67,8,0,16,0,184,69,4,0,16,0
34,188,71,4,0,16,0,192,72,4,0,16,0,196,67,4,0,16,0
34,200,69,4,0,16,0,204,67,4,0,16,0,208,65,6,0,16,0
35,0,69,4,3,16,0,4,71,4,3,16,0,8,73,2,3,16,0
35,10,74,2,3,16,0,12,76,4,3,16,0,16,69,4,3,16,0
35,20,68,4,3,16,0,24,66,4,3,16,0,28,64,4,3,16,1
35,32,66,4,3,16,0,36,68,4,3,16,0,40,69,4,3,16,0
35,44,71,4,3,16,0,48,73,2,3,16,0,50,74,2,3,16,0
35,52,71,4,3,16,0,56,69,8,3,16,1,64,73,4,3,16,0
35,68,73,4,3,16,0,72,71,4,3,16,0,76,73,4,3,16,0
35,80,74,4,3,16,0,84,73,2,3,16,0,86,71,2,3,16,0
35,88,71,2,3,16,0,90,69,2,3,16,0,92,71,4,3,16,1
35,96,66,4,3,16,0,100,68,4,3,16,0,104,69,4,3,16,0
35,108,71,4,3,16,0,112,73,2,3,16,0,114,74,2,3,16,0
35,116,71,4,3,16,0,120,69,2,3,16,0,122,68,2,3,16,0
37,0,76,4,0,16,0,4,76,4,0,16,0,8,71,4,0,16,0
37,12,72,4,0,16,0,16,74,4,0,16,0,20,72,2,0,16,0
37,22,71,2,0,16,0,24,71,4,0,16,0,28,69,4,0,16,1
37,32,72,4,0,16,0,36,72,4,0,16,0,40,71,4,0,16,0
37,44,69,4,0,16,0,48,68,4,0,16,0,52,69,4,0,16,0
37,56,71,8,0,16,1,64,71,4,0,16,0,68,72,4,0,16,0
37,72,74,2,0,16,0,74,72,2,0,16,0,76,71,4,0,16,0
37,80,72,4,0,16,0,84,71,2,0,16,0,86,69,2,0,16,0
37,88,69,4,0,16,0,92,67,4,0,16,1,96,72,4,0,16,0
37,100,74,4,0,16,0,104,76,2,0,16,0,106,74,2,0,16,0
37,108,72,4,0,16,0,112,77,4,0,16,0,116,76,4,0,16,0
37,120,74,4,0,16,0,124,72,4,0,16,1,128,71,4,0,16,0
37,132,72,4,0,16,0,136,74,4,0,16,0,140,76,4,0,16,0
37,144,74,4,0,16,0,148,72,4,0,16,0,152,71,8,0,16,1
37,160,69,4,0,16,0,164,71,4,0,16,0,168,72,2,0,16,0
37,170,71,2,0,16,0,172,74,4,0,16,0,176,72,4,0,16,0
38,0,71,4,1,16,0,4,72,4,1,16,0,8,74,4,1,16,0
38,12,74,4,1,16,0,16,67,4,1,16,0,20,69,4,1,16,0
38,24,71,8,1,16,1,32,76,4,1,16,0,36,78,4,1,16,0
38,40,79,4,1,16,0,44,71,4,1,16,0,48,69,8,1,16,0
38,56,67,8,1,16,1,64,74,4,1,16,0,68,69,4,1,16,0
38,72,71,8,1,16,1,80,76,6,1,16,0,86,74,2,1,16,0
38,88,73,8,1,16,1,96,74,4,1,16,0,100,69,4,1,16,0
38,104,71,2,1,16,0,106,73,2,1,16,0,108,74,4,1,16,0
38,112,74,4,1,16,0,116,73,4,1,16,0,120,74,8,1,16,1
38,128,76,4,1,16,0,132,78,4,1,16,0,136,79,4,1,16,0
39,0,64,4,1,16,0,4,64,4,1,16,0,8,67,4,1,16,0
39,12,67,4,1,16,0,16,69,4,1,16,0,20,69,4,1,16,0
39,24,71,4,1,16,0,28,71,4,1,16,1,32,71,4,1,16,0
39,36,74,4,1,16,0,40,72,4,1,16,0,44,71,4,1,16,0
39,48,69,6,1,16,0,54,69,2,1,16,0,56,67,8,1,16,1
39,64,69,4,1,16,0,68,69,4,1,16,0,72,71,4,1,16,0
39,76,67,4,1,16,0,80,66,6,1,16,0,86,66,2,1,16,0
39,88,64,8,1,16,1,96,76,4,1,16,0,100,76,4,1,16,0
39,104,74,4,1,16,0,108,74,4,1,16,0,112,73,4,1,16,0
39,116,73,4,1,16,0,120,71,4,1,16,0,124,71,4,1,16,1
39,128,74,4,1,16,0,132,74,4,1,16,0,136,72,4,1,16,0
39,140,71,4,1,16,0,144,69,6,1,16,0,150,69,2,1,16,0
39,152,67,8,1,16,1,160,69,4,1,16,0,164,69,4,1,16,0
39,168,71,4,1,16,0,172,67,4,1,16,0,176,66,6,1,16,0
40,12,72,4,0,16,0,16,71,4,0,16,0,20,69,4,0,16,0
40,24,67,4,0,16,1,28,67,4,0,16,0,32,69,4,0,16,0
40,36,71,4,0,16,0,40,72,4,0,16,1,44,74,4,0,16,0
40,48,72,4,0,16,0,52,71,4,0,16,0,56,69,4,0,16,0
40,60,71,2,0,16,0,62,72,2,0,16,0,64,69,8,0,16,0
40,72,67,4,0,16,1,76,72,4,0,16,0,80,71,4,0,16,0
40,84,72,4,0,16,0,88,74,4,0,16,1,92,74,4,0,16,0
40,96,76,4,0,16,0,100,74,2,0,16,0,102,72,2,0,16,0
40,104,74,4,0,16,1,108,67,4,0,16,0,112,69,4,0,16,0
40,116,71,4,0,16,0,120,72,2,0,16,0,122,74,2,0,16,0
40,124,76,2,0,16,0,126,77,2,0,16,0,128,74,8,0,16,0
41,12,64,4,0,16,0,16,67,4,0,16,0,20,69,4,0,16,0
41,24,67,4,0,16,0,28,72,4,0,16,0,32,72,4,0,16,0
41,36,71,4,0,16,0,40,72,4,0,16,1,44,72,4,0,16,0
41,48,71,4,0,16,0,52,69,4,0,16,0,56,74,6,0,16,0
41,62,72,2,0,16,0,64,71,4,0,16,0,68,72,4,0,16,0
41,72,71,8,0,16,0,80,69,12,0,16,1,92,69,4,0,16,0
41,96,69,4,0,16,0,100,69,4,0,16,0,104,71,6,0,16,0
41,110,69,2,0,16,0,112,71,4,0,16,0,116,67,4,0,16,0
41,120,67,4,0,16,0,124,66,4,0,16,0,128,67,4,0,16,1
41,132,67,4,0,16,0,136,69,4,0,16,0,140,71,4,0,16,0
41,144,72,4,0,16,0,148,71,4,0,16,0,152,69,8,0,16,0
41,160,71,4,0,16,1,164,64,2,0,16,0,166,66,2,0,16,0
41,168,67,4,0,16,0,172,69,4,0,16,0,176,67,4,0,16,0
41,180,72,4,0,16,0,184,72,4,0,16,0,188,71,4,0,16,0
41,192,72,4,0,16,1,196,72,4,0,16,0,200,71,4,0,16,0
41,204,69,4,0,16,0,208,74,6,0,16,0,214,72,2,0,16,0
41,216,71,4,0,16,0,220,72,4,0,16,0,224,71,8,0,16,0
42,12,73,4,3,16,0,16,69,4,3,16,0,20,71,4,3,16,0
42,24,73,4,3,16,0,28,76,4,3,16,0,32,74,4,3,16,0
42,36,74,4,3,16,0,40,73,4,3,16,1,44,76,4,3,16,0
42,48,74,4,3,16,0,52,73,4,3,16,0,56,71,4,3,16,0
42,60,71,4,3,16,0,64,73,12,3,16,1,76,71,4,3,16,0
42,80,71,4,3,16,0,84,71,4,3,16,0,88,73,4,3,16,0
42,92,71,4,3,16,0,96,69,4,3,16,0,100,71,4,3,16,0
42,104,68,4,3,16,1,108,68,4,3,16,0,112,69,4,3,16,0
42,116,71,4,3,16,0,120,73,4,3,16,0,124,71,2,3,16,0
42,126,73,2,3,16,0,128,74,4,3,16,0,132,73,4,3,16,0
44,12,62,2,2,16,0,14,64,2,2,16,0,16,66,4,2,16,0
44,20,67,4,2,16,0,24,69,4,2,16,0,28,69,4,2,16,0
44,32,67,4,2,16,0,36,66,4,2,16,0,40,64,4,2,16,1
44,44,69,4,2,16,0,48,71,4,2,16,0,52,73,4,2,16,0
44,56,74,4,2,16,0,60,73,4,2,16,0,64,71,8,2,16,0
44,72,69,4,2,16,1,76,69,4,2,16,0,80,74,4,2,16,0
44,84,73,4,2,16,0,88,71,4,2,16,0,92,69,4,2,16,0
44,96,67,4,2,16,0,100,66,4,2,16,0,104,64,4,2,16,1
44,108,69,4,2,16,0,112,67,4,2,16,0,116,66,4,2,16,0
44,120,64,2,2,16,0,122,66,2,2,16,0,124,67,4,2,16,0
45,12,71,4,2,16,0,16,71,4,2,16,0,20,71,4,2,16,0
45,24,78,4,2,16,0,28,76,4,2,16,0,32,78,2,2,16,0
45,34,76,2,2,16,0,36,74,4,2,16,0,40,73,4,2,16,1
45,44,71,2,2,16,0,46,73,2,2,16,0,48,74,4,2,16,0
45,52,73,4,2,16,0,56,74,2,2,16,0,58,76,2,2,16,0
45,60,78,4,2,16,0,64,76,4,2,16,0,68,74,4,2,16,0
45,72,73,4,2,16,1,76,74,2,2,16,0,78,73,2,2,16,0
45,80,71,4,2,16,0,84,71,4,2,16,0,88,76,6,2,16,0
45,94,74,2,2,16,0,96,73,2,2,16,0,98,74,1,2,16,0
45,99,76,1,2,16,0,100,74,2,2,16,0,102,73,2,2,16,0
45,104,71,8,2,16,0,112,69,4,2,16,1,116,69,4,2,16,0
45,120,74,4,2,16,0,124,73,4,2,16,0,128,74,2,2,16,0
45,130,76,2,2,16,0,132,78,4,2,16,0,136,76,4,2,16,0
45,140,74,4,2,16,0,144,73,4,2,16,1,148,71,2,2,16,0
45,150,73,2,2,16,0,152,74,4,2,16,0,156,73,4,2,16,0
45,160,74,2,2,16,0,162,76,2,2,16,0,164,78,4,2,16,0
45,168,76,4,2,16,0,172,74,4,2,16,0,176,73,4,2,16,1
45,180,78,4,2,16,0,184,78,4,2,16,0,188,78,4,2,16,0
45,192,76,6,2,16,0,198,74,2,2,16,0,200,73,4,2,16,0
45,204,74,2,2,16,0,206,76,2,2,16,0,208,73,8,2,16,0
47,12,69,4,-1,16,0,16,69,4,-1,16,0,20,65,4,-1,16,0
47,24,67,4,-1,16,0,28,69,4,-1,16,0,32,65,4,-1,16,0
47,36,64,4,-1,16,0,40,62,4,-1,16,1,44,69,4,-1,16,0
47,48,69,4,-1,16,0,52,67,4,-1,16,0,56,72,4,-1,16,0
47,60,69,4,-1,16,0,64,65,4,-1,16,0,68,67,4,-1,16,0
47,72,69,4,-1,16,1,76,69,2,-1,16,0,78,71,2,-1,16,0
47,80,72,4,-1,16,0,84,74,2,-1,16,0,86,76,2,-1,16,0
47,88,77,4,-1,16,0,92,76,4,-1,16,0,96,74,4,-1,16,0
47,100,73,4,-1,16,0,104,74,4,-1,16,1,108,74,4,-1,16,0
47,112,76,4,-1,16,0,116,74,4,-1,16,0,120,72,4,-1,16,0
47,124,71,4,-1,16,0,128,69,4,-1,16,0,132,68,4,-1,16,0
47,136,69,4,-1,16,1,140,74,4,-1,16,0,144,60,4,-1,16,0
47,148,71,4,-1,16,0,152,60,4,-1,16,0,156,69,4,-1,16,0
47,160,69,4,-1,16,0,164,67,4,-1,16,0,168,65,4,-1,16,1
47,172,69,4,-1,16,0,176,70,4,-1,16,0,180,69,4,-1,16,0
47,184,65,4,-1,16,0,188,67,4,-1,16,0,192,65,4,-1,16,0
50,12,69,4,-1,16,0,16,65,4,-1,16,0,20,67,4,-1,16,0
50,24,69,2,-1,16,0,26,70,2,-1,16,0,28,72,4,-1,16,0
50,32,70,8,-1,16,0,40,69,4,-1,16,1,44,69,2,-1,16,0
50,46,70,2,-1,16,0,48,72,4,-1,16,0,52,72,4,-1,16,0
50,56,67,4,-1,16,0,60,69,2,-1,16,0,62,67,2,-1,16,0
50,64,65,8,-1,16,0,72,64,4,-1,16,1,76,60,4,-1,16,0
50,80,65,4,-1,16,0,84,67,4,-1,16,0,88,69,2,-1,16,0
50,90,70,1,-1,16,0,91,72,1,-1,16,0,92,70,2,-1,16,0
50,94,69,2,-1,16,0,96,67,12,-1,16,1,108,69,4,-1,16,0
50,112,65,4,-1,16,0,116,67,4,-1,16,0,120,69,2,-1,16,0
50,122,70,2,-1,16,0,124,72,4,-1,16,0,128,70,8,-1,16,0
50,136,69,4,-1,16,1,140,69,2,-1,16,0,142,70,2,-1,16,0
50,144,72,4,-1,16,0,148,72,4,-1,16,0,152,67,4,-1,16,0
50,156,69,2,-1,16,0,158,67,2,-1,16,0,160,65,8,-1,16,0
50,168,64,4,-1,16,1,172,60,4,-1,16,0,176,65,4,-1,16,0
50,180,67,4,-1,16,0,184,69,4,-1,16,0,188,67,2,-1,16,0
50,190,69,1,-1,16,0,191,70,1,-1,16,0,192,69,4,-1,16,0
52,12,69,4,3,16,0,16,64,4,3,16,0,20,66,4,3,16,0
52,24,68,4,3,16,0,28,69,4,3,16,0,32,71,4,3,16,0
52,36,73,2,3,16,0,38,71,2,3,16,0,40,69,4,3,16,1
52,44,73,2,3,16,0,46,74,2,3,16,0,48,76,4,3,16,0
52,52,76,2,3,16,0,54,74,2,3,16,0,56,73,2,3,16,0
52,58,74,2,3,16,0,60,76,4,3,16,0,64,74,8,3,16,0
52,72,73,4,3,16,1,76,73,4,3,16,0,80,74,4,3,16,0
52,84,73,4,3,16,0,88,71,4,3,16,0,92,69,2,3,16,0
52,94,71,2,3,16,0,96,73,4,3,16,0,100,73,4,3,16,0
52,104,69,4,3,16,1,108,73,2,3,16,0,110,74,2,3,16,0
52,112,76,4,3,16,0,116,76,4,3,16,0,120,73,2,3,16,0
52,122,74,2,3,16,0,124,76,4,3,16,0,128,74,8,3,16,0
52,136,73,4,3,16,1,140,73,4,3,16,0,144,74,4,3,16,0
52,148,73,4,3,16,0,152,71,4,3,16,0,156,69,2,3,16,0
52,158,71,2,3,16,0,160,73,4,3,16,0,164,73,4,3,16,0
52,168,69,4,3,16,1,172,71,4,3,16,0,176,73,4,3,16,0
52,180,73,4,3,16,0,184,66,4,3,16,0,188,68,4,3,16,0
52,192,69,2,3,16,0,194,68,2,3,16,0,196,66,4,3,16,0
52,200,64,4,3,16,1,204,64,4,3,16,0,208,69,4,3,16,0
52,212,71,4,3,16,0,216,73,4,3,16,0,220,71,2,3,16,0
52,222,73,2,3,16,0,224,74,4,3,16,0,228,73,4,3,16,0
53,0,67,4,-2,12,0,4,67,4,-2,12,0,8,67,4,-2,12,0
53,12,74,6,-2,12,0,18,72,2,-2,12,0,20,70,4,-2,12,0
53,24,74,4,-2,12,0,28,72,4,-2,12,0,32,70,4,-2,12,0
53,36,69,12,-2,12,1,48,74,4,-2,12,0,52,74,4,-2,12,0
53,56,76,4,-2,12,0,60,77,8,-2,12,0,68,76,4,-2,12,0
53,72,74,4,-2,12,0,76,73,8,-2,12,0,84,74,12,-2,12,1
53,96,74,4,-2,12,0,100,72,4,-2,12,0,104,69,4,-2,12,0
53,108,70,6,-2,12,0,114,72,2,-2,12,0,116,74,4,-2,12,0
53,120,72,4,-2,12,0,124,70,4,-2,12,0,128,69,4,-2,12,0
53,132,70,12,-2,12,1,144,77,4,-2,12,0,148,79,4,-2,12,0
53,152,77,4,-2,12,0,156,74,6,-2,12,0,162,72,2,-2,12,0
53,164,70,4,-2,12,0,168,69,4,-2,12,0,172,67,4,-2,12,0
54,12,67,4,1,16,0,16,74,4,1,16,0,20,74,4,1,16,0
54,24,74,4,1,16,0,28,74,4,1,16,0,32,76,4,1,16,0
54,36,74,2,1,16,0,38,72,2,1,16,0,40,71,4,1,16,1
54,44,69,4,1,16,0,48,71,2,1,16,0,50,73,2,1,16,0
54,52,74,4,1,16,0,56,76,4,1,16,0,60,76,4,1,16,0
54,64,74,12,1,16,1,76,74,4,1,16,0,80,74,4,1,16,0
54,84,74,4,1,16,0,88,74,4,1,16,0,92,71,2,1,16,0
54,94,72,2,1,16,0,96,74,4,1,16,0,100,72,2,1,16,0
54,102,71,2,1,16,0,104,69,4,1,16,1,108,74,4,1,16,0
54,112,72,4,1,16,0,116,71,4,1,16,0,120,69,4,1,16,0
54,124,69,4,1,16,0,128,67,2,1,16,0,130,69,2,1,16,0
54,132,71,2,1,16,0,134,72,2,1,16,0,136,74,4,1,16,1
54,140,74,4,1,16,0,144,72,4,1,16,0,148,71,2,1,16,0
54,150,69,2,1,16,0,152,71,4,1,16,0,156,69,4,1,16,0
55,12,71,2,2,16,0,14,73,2,2,16,0,16,74,4,2,16,0
55,20,73,4,2,16,0,24,71,4,2,16,1,28,71,2,2,16,0
55,30,73,2,2,16,0,32,74,4,2,16,0,36,73,4,2,16,0
55,40,71,4,2,16,1,44,78,4,2,16,0,48,76,4,2,16,0
55,52,74,4,2,16,0,56,73,4,2,16,1,60,73,4,2,16,0
55,64,74,4,2,16,0,68,74,4,2,16,0,72,76,4,2,16,0
55,76,76,4,2,16,0,80,78,4,2,16,0,84,78,4,2,16,0
55,88,76,4,2,16,1,92,74,4,2,16,0,96,73,8,2,16,0
55,104,71,4,2,16,1,108,78,4,2,16,0,112,76,4,2,16,0
55,116,74,4,2,16,0,120,73,4,2,16,1,124,78,4,2,16,0
55,128,76,4,2,16,0,132,74,4,2,16,0,136,73,4,2,16,1
55,140,73,4,2,16,0,144,74,4,2,16,0,148,74,4,2,16,0
55,152,76,4,2,16,0,156,76,4,2,16,0,160,78,4,2,16,0
55,164,78,4,2,16,0,168,76,4,2,16,0,172,74,4,2,16,0
57,12,76,4,0,16,0,16,72,2,0,16,0,18,71,2,0,16,0
57,20,72,4,0,16,0,24,71,4,0,16,1,28,68,4,0,16,0
57,32,69,4,0,16,0,36,69,4,0,16,0,40,68,4,0,16,1
57,44,76,4,0,16,0,48,76,4,0,16,0,52,76,4,0,16,0
57,56,77,4,0,16,0,60,76,2,0,16,0,62,74,2,0,16,0
57,64,74,8,0,16,0,72,72,8,0,16,1,80,71,4,0,16,0
57,84,72,4,0,16,0,88,74,4,0,16,0,92,76,4,0,16,0
57,96,74,4,0,16,0,100,72,4,0,16,0,104,71,8,0,16,1
57,112,69,4,0,16,0,116,71,4,0,16,0,120,72,4,0,16,0
57,124,74,2,0,16,0,126,76,2,0,16,0,128,71,8,0,16,0
58,12,74,4,2,16,0,16,73,4,2,16,0,20,71,4,2,16,0
58,24,69,4,2,16,0,28,67,2,2,16,0,30,66,2,2,16,0
58,32,71,4,2,16,0,36,71,4,2,16,0,40,69,4,2,16,1
58,44,74,4,2,16,0,48,73,4,2,16,0,52,71,4,2,16,0
58,56,69,4,2,16,0,60,67,2,2,16,0,62,66,2,2,16,0
58,64,71,4,2,16,0,68,71,4,2,16,0,72,69,4,2,16,1
58,76,69,4,2,16,0,80,71,4,2,16,0,84,73,4,2,16,0
58,88,74,2,2,16,0,90,76,2,2,16,0,92,78,4,2,16,0
58,96,76,2,2,16,0,98,74,2,2,16,0,100,76,4,2,16,0
58,104,74,4,2,16,1,108,74,4,2,16,0,112,74,4,2,16,0
58,116,76,4,2,16,0,120,74,4,2,16,0,124,71,2,2,16,0
58,126,73,2,2,16,0,128,74,4,2,16,0,132,74,4,2,16,0
58,136,73,4,2,16,1,140,73,4,2,16,0,144,74,4,2,16,0
58,148,76,4,2,16,0,152,74,4,2,16,0,156,71,2,2,16,0
58,158,73,2,2,16,0,160,74,4,2,16,0,164,74,4,2,16,0
58,168,73,4,2,16,1,172,78,4,2,16,0,176,79,2,2,16,0
58,178,78,2,2,16,0,180,76,4,2,16,0,184,78,2,2,16,0
58,186,76,2,2,16,0,188,74,4,2,16,0,192,74,4,2,16,0
58,196,73,4,2,16,0,200,74,4,2,16,1,204,73,4,2,16,0
58,208,74,4,2,16,0,212,73,4,2,16,0,216,71,4,2,16,0
58,220,69,4,2,16,0,224,69,4,2,16,0,228,68,4,2,16,0
58,232,69,4,2,16,1,236,78,4,2,16,0,240,76,4,2,16,0
58,244,74,4,2,16,0,248,73,4,2,16,1,252,78,4,2,16,0
58,256,79,2,2,16,0,258,78,2,2,16,0,260,76,4,2,16,0
58,264,78,2,2,16,0,266,76,2,2,16,0,268,74,4,2,16,0
58,272,74,4,2,16,0,276,73,4,2,16,0,280,74,4,2,16,1
58,284,74,4,2,16,0,288,74,4,2,16,0,292,74,4,2,16,0
58,296,76,4,2,16,0,300,74,4,2,16,0,304,74,4,2,16,0
59,12,67,4,-2,16,0,16,67,4,-2,16,0,20,67,4,-2,16,0
59,24,66,4,-2,16,0,28,62,4,-2,16,0,32,67,4,-2,16,0
59,36,69,4,-2,16,0,40,70,4,-2,16,0,44,70,4,-2,16,0
59,48,72,4,-2,16,0,52,70,4,-2,16,0,56,69,4,-2,16,1
59,60,69,4,-2,16,0,64,70,4,-2,16,0,68,72,4,-2,16,0
59,72,74,2,-2,16,0,74,72,2,-2,16,0,76,70,4,-2,16,0
59,80,75,4,-2,16,0,84,75,4,-2,16,0,88,74,4,-2,16,0
59,92,73,2,-2,16,0,94,72,2,-2,16,0,96,72,8,-2,16,0
59,104,70,4,-2,16,1,108,70,4,-2,16,0,112,69,4,-2,16,0
59,116,67,4,-2,16,0,120,65,4,-2,16,0,124,62,2,-2,16,0
59,126,63,2,-2,16,0,128,65,4,-2,16,0,132,65,4,-2,16,0
59,136,67,4,-2,16,0,140,65,4,-2,16,0,144,63,8,-2,16,0
59,152,62,4,-2,16,1,156,74,4,-2,16,0,160,72,4,-2,16,0
59,164,70,2,-2,16,0,166,69,2,-2,16,0,168,69,8,-2,16,0
60,12,66,2,2,16,0,14,67,2,2,16,0,16,69,4,2,16,0
60,20,71,4,2,16,0,24,69,4,2,16,0,28,67,2,2,16,0
60,30,66,2,2,16,0,32,66,8,2,16,1,44,69,4,2,16,0
60,48,71,4,2,16,0,52,73,4,2,16,0,56,74,4,2,16,0
60,60,74,2,2,16,0,62,73,2,2,16,0,64,73,8,2,16,0
60,72,71,4,2,16,1,76,76,2,2,16,0,78,74,2,2,16,0
60,80,73,4,2,16,0,84,74,2,2,16,0,86,73,2,2,16,0
60,88,71,6,2,16,0,94,69,2,2,16,0,96,69,12,2,16,1
60,108,69,4,2,16,0,112,71,4,2,16,0,116,73,4,2,16,0
60,120,74,6,2,16,0,126,76,2,2,16,0,128,73,12,2,16,1
60,140,69,4,2,16,0,144,69,4,2,16,0,148,71,4,2,16,0
60,152,69,4,2,16,0,156,67,2,2,16,0,158,66,2,2,16,0
60,160,66,12,2,16,1,172,69,4,2,16,0,176,71,2,2,16,0
60,178,73,2,2,16,0,180,74,4,2,16,0,184,74,4,2,16,0
61,0,67,4,-3,16,0,4,65,4,-3,16,0,8,63,4,-3,16,0
61,12,65,4,-3,16,0,16,67,4,-3,16,0,20,68,4,-3,16,0
61,24,70,8,-3,16,1,32,72,4,-3,16,0,36,70,4,-3,16,0
61,40,68,4,-3,16,0,44,67,2,-3,16,0,46,65,2,-3,16,0
61,48,65,8,-3,16,0,56,63,8,-3,16,1,64,67,4,-3,16,0
61,68,70,4,-3,16,0,72,68,4,-3,16,0,76,67,4,-3,16,0
61,80,65,4,-3,16,0,84,63,4,-3,16,0,88,62,8,-3,16,1
61,96,63,4,-3,16,0,100,65,4,-3,16,0,104,67,4,-3,16,0
61,108,67,4,-3,16,0,112,68,8,-3,16,0,120,67,8,-3,16,1
61,128,67,4,-3,16,0,132,68,4,-3,16,0,136,70,4,-3,16,0
61,140,68,4,-3,16,0,144,67,4,-3,16,0,148,65,4,-3,16,0
61,152,67,8,-3,16,1,160,65,4,-3,16,0,164,65,4,-3,16,0
61,168,67,2,-3,16,0,170,69,2,-3,16,0,172,70,4,-3,16,0
61,176,70,4,-3,16,0,180,69,4,-3,16,0,184,70,8,-3,16,1
61,192,70,4,-3,16,0,196,67,4,-3,16,0,200,72,4,-3,16,0
61,204,70,4,-3,16,0,208,68,4,-3,16,0,212,67,4,-3,16,0
61,216,65,8,-3,16,1,224,67,2,-3,16,0,226,68,2,-3,16,0
61,228,70,4,-3,16,0,232,68,4,-3,16,0,236,67,2,-3,16,0
62,12,66,4,2,16,0,16,71,4,2,16,0,20,73,4,2,16,0
62,24,74,4,2,16,0,28,73,4,2,16,0,32,71,4,2,16,0
62,36,73,2,2,16,0,38,71,2,2,16,0,40,70,4,2,16,0
62,44,66,4,2,16,1,52,69,4,2,16,0,56,69,4,2,16,0
62,60,67,4,2,16,0,64,66,4,2,16,0,68,71,4,2,16,0
62,72,71,4,2,16,0,76,70,4,2,16,0,80,71,12,2,16,1
62,172,73,4,2,16,0,176,74,4,2,16,0,180,76,4,2,16,0
62,184,78,4,2,16,0,188,78,4,2,16,0,192,76,6,2,16,0
62,198,74,2,2,16,0,200,74,4,2,16,1,204,78,4,2,16,0
62,208,76,4,2,16,0,212,74,4,2,16,0,216,73,4,2,16,0
62,220,71,2,2,16,0,222,73,2,2,16,0,224,74,4,2,16,0
63,12,73,4,3,16,0,16,69,4,3,16,0,20,71,4,3,16,0
63,24,73,2,3,16,0,26,74,2,3,16,0,28,76,4,3,16,0
63,32,74,8,3,16,0,40,73,4,3,16,1,44,73,4,3,16,0
63,48,76,4,3,16,0,52,76,4,3,16,0,56,71,4,3,16,0
63,60,74,2,3,16,0,62,73,2,3,16,0,64,69,8,3,16,0
63,72,68,4,3,16,1,76,64,4,3,16,0,80,69,4,3,16,0
63,84,71,4,3,16,0,88,73,2,3,16,0,90,74,1,3,16,0
63,91,76,1,3,16,0,92,74,2,3,16,0,94,73,2,3,16,0
63,96,71,12,3,16,1,108,73,4,3,16,0,112,69,4,3,16,0
63,116,71,4,3,16,0,120,73,2,3,16,0,122,74,2,3,16,0
63,124,76,4,3,16,0,128,74,8,3,16,0,136,73,4,3,16,1
63,140,73,2,3,16,0,142,74,2,3,16,0,144,76,4,3,16,0
63,148,76,4,3,16,0,152,71,4,3,16,0,156,73,4,3,16,0
63,160,69,8,3,16,0,168,68,4,3,16,1,172,64,4,3,16,0
63,176,69,4,3,16,0,180,71,4,3,16,0,184,73,2,3,16,0
63,186,74,2,3,16,0,188,76,2,3,16,0,190,74,2,3,16,0
65,12,62,4,1,16,0,16,67,4,1,16,0,20,69,4,1,16,0
65,24,71,4,1,16,0,28,76,4,1,16,0,32,74,6,1,16,0
65,38,72,2,1,16,0,40,71,4,1,16,1,44,76,4,1,16,0
65,48,74,4,1,16,0,52,72,4,1,16,0,56,71,4,1,16,0
65,60,72,2,1,16,0,62,74,2,1,16,0,64,69,8,1,16,0
65,72,67,4,1,16,1,76,74,4,1,16,0,80,76,4,1,16,0
65,84,76,4,1,16,0,88,69,4,1,16,1,92,69,4,1,16,0
65,96,74,4,1,16,0,100,74,4,1,16,0,104,67,4,1,16,1
65,108,71,4,1,16,0,112,69,4,1,16,0,116,67,4,1,16,0
65,120,66,4,1,16,0,124,67,2,1,16,0,126,66,2,1,16,0
65,128,64,8,1,16,0,136,62,4,1,16,1,140,74,4,1,16,0
65,144,72,4,1,16,0,148,71,4,1,16,0,152,69,4,1,16,0
65,156,71,2,1,16,0,158,72,2,1,16,0,160,69,8,1,16,0
66,12,62,2,0,16,0,14,64,2,0,16,0,16,65,4,0,16,0
66,20,67,4,0,16,0,24,69,4,0,16,0,28,67,4,0,16,0
66,32,72,4,0,16,0,36,71,2,0,16,0,38,69,2,0,16,0
66,40,69,4,0,16,1,44,67,4,0,16,0,48,72,4,0,16,0
66,52,71,4,0,16,0,56,69,4,0,16,0,60,67,4,0,16,0
66,64,65,4,0,16,0,68,64,4,0,16,0,72,62,4,0,16,1
66,76,62,4,0,16,0,80,67,4,0,16,0,84,67,4,0,16,0
66,88,64,4,0,16,0,92,69,4,0,16,0,96,69,4,0,16,0
66,100,68,4,0,16,0,104,69,4,0,16,1,108,69,4,0,16,0
66,112,74,4,0,16,0,116,74,4,0,16,0,120,76,2,0,16,0
66,122,74,2,0,16,0,124,72,4,0,16,0,128,74,2,0,16,0
66,130,72,2,0,16,0,132,71,4,0,16,0,136,69,4,0,16,1
66,140,71,4,0,16,0,144,72,4,0,16,0,148,71,4,0,16,0
66,152,69,4,0,16,0,156,67,4,0,16,0,160,69,2,0,16,0
66,162,67,2,0,16,0,164,65,4,0,16,0,168,64,4,0,16,1
66,172,62,2,0,16,0,174,64,2,0,16,0,176,65,4,0,16,0
66,180,67,4,0,16,0,184,69,2,0,16,0,186,67,2,0,16,0
66,188,65,4,0,16,0,192,67,2,0,16,0,194,65,2,0,16,0
66,196,64,4,0,16,0,200,62,4,0,16,1,204,74,4,0,16,0
66,208,74,4,0,16,0,212,74,4,0,16,0,216,76,4,0,16,0
66,220,74,4,0,16,0,224,72,4,0,16,0,228,71,4,0,16,0
67,0,70,4,-2,16,0,4,72,4,-2,16,0,8,74,4,-2,16,0
67,12,72,4,-2,16,0,16,70,4,-2,16,0,20,69,4,-2,16,0
67,24,67,4,-2,16,0,28,65,4,-2,16,1,32,70,4,-2,16,0
67,36,72,4,-2,16,0,40,74,4,-2,16,0,44,75,4,-2,16,0
67,48,74,4,-2,16,0,52,72,4,-2,16,0,56,70,8,-2,16,1
67,64,74,4,-2,16,0,68,75,4,-2,16,0,72,77,4,-2,16,0
67,76,75,4,-2,16,0,80,74,4,-2,16,0,84,72,4,-2,16,0
67,88,74,8,-2,16,1,96,77,4,-2,16,0,100,77,4,-2,16,0
67,104,79,4,-2,16,0,108,77,4,-2,16,0,112,75,4,-2,16,0
67,116,74,4,-2,16,0,120,72,8,-2,16,1,128,74,2,-2,16,0
67,130,75,2,-2,16,0,132,77,4,-2,16,0,136,75,4,-2,16,0
67,140,74,2,-2,16,0,142,72,2,-2,16,0,144,70,4,-2,16,0
67,148,72,4,-2,16,0,152,74,8,-2,16,0,160,70,8,-2,16,1
67,168,74,2,-2,16,0,170,75,2,-2,16,0,172,77,4,-2,16,0
67,176,75,4,-2,16,0,180,74,4,-2,16,0,184,72,4,-2,16,0
68,12,65,4,-1,16,0,16,65,4,-1,16,0,20,67,4,-1,16,0
68,24,69,4,-1,16,0,28,67,2,-1,16,0,30,69,2,-1,16,0
68,32,70,4,-1,16,0,36,69,4,-1,16,0,40,67,6,-1,16,0
68,46,67,2,-1,16,0,48,65,8,-1,16,1,60,69,4,-1,16,0
68,64,70,4,-1,16,0,68,69,4,-1,16,0,72,67,4,-1,16,0
68,76,65,4,-1,16,0,80,64,4,-1,16,0,84,65,4,-1,16,0
68,88,67,4,-1,16,1,92,72,4,-1,16,0,96,70,4,-1,16,0
68,100,69,4,-1,16,0,104,67,2,-1,16,0,106,65,2,-1,16,0
68,108,64,4,-1,16,0,112,65,4,-1,16,0,116,62,4,-1,16,0
68,120,60,4,-1,16,1,124,69,4,-1,16,0,128,70,4,-1,16,0
68,132,69,4,-1,16,0,136,67,4,-1,16,0,140,65,4,-1,16,0
69,12,77,4,-2,16,0,16,79,4,-2,16,0,20,77,2,-2,16,0
69,22,75,2,-2,16,0,24,74,2,-2,16,0,26,75,2,-2,16,0
69,28,77,4,-2,16,0,32,72,8,-2,16,1,40,74,4,-2,16,0
69,44,76,4,-2,16,0,48,77,8,-2,16,1,60,77,4,-2,16,0
69,64,79,4,-2,16,0,68,77,4,-2,16,0,72,72,2,-2,16,0
69,74,74,2,-2,16,0,76,75,4,-2,16,0,80,74,4,-2,16,0
69,84,72,4,-2,16,0,88,70,4,-2,16,1,92,70,4,-2,16,0
69,96,72,2,-2,16,0,98,74,2,-2,16,0,100,75,4,-2,16,0
69,104,74,2,-2,16,0,106,75,2,-2,16,0,108,77,8,-2,16,0
69,116,72,4,-2,16,0,120,70,2,-2,16,0,122,69,2,-2,16,0
69,124,65,8,-2,16,0,136,70,4,-2,16,1,140,72,4,-2,16,0
69,144,74,2,-2,16,0,146,75,2,-2,16,0,148,77,8,-2,16,0
69,156,75,4,-2,16,0,160,74,4,-2,16,0,164,74,8,-2,16,0
69,176,74,2,-2,16,1,178,77,4,-2,16,0,182,79,4,-2,16,0
69,186,77,4,-2,16,0,190,74,4,-2,16,0,194,76,4,-2,16,0
69,198,77,4,-2,16,0,202,79,4,-2,16,0,206,77,4,-2,16,0
69,210,72,2,-2,16,0,212,74,2,-2,16,0,214,74,4,-2,16,0
69,218,72,4,-2,16,1,222,70,4,-2,16,0,226,72,2,-2,16,0
69,228,74,2,-2,16,0,230,75,4,-2,16,0,234,74,2,-2,16,0
69,236,75,2,-2,16,0,238,77,8,-2,16,0,246,72,4,-2,16,0
69,250,70,2,-2,16,1,252,69,2,-2,16,0,254,65,8,-2,16,0
69,266,70,4,-2,16,0,270,72,4,-2,16,0,274,74,2,-2,16,0
69,276,75,2,-2,16,0,278,77,8,-2,16,0,286,75,4,-2,16,0
69,290,74,4,-2,16,1,294,67,4,-2,16,0,298,69,4,-2,16,0
69,302,70,4,-2,16,0,306,74,4,-2,16,0,310,70,4,-2,16,0
69,314,65,4,-2,16,0,318,72,2,-2,16,0,320,74,1,-2,16,0
70,12,67,4,0,16,0,16,67,4,0,16,0,20,67,4,0,16,0
70,24,69,8,0,16,0,32,67,8,0,16,1,40,72,4,0,16,0
70,44,74,4,0,16,0,48,72,4,0,16,0,52,71,4,0,16,0
70,56,69,8,0,16,0,64,67,8,0,16,1,72,69,2,0,16,0
70,74,71,2,0,16,0,76,72,4,0,16,0,80,67,2,0,16,0
70,82,65,2,0,16,0,84,64,4,0,16,0,88,65,4,0,16,0
70,92,64,4,0,16,0,96,62,8,0,16,0,104,60,4,0,16,1
70,108,67,4,0,16,0,112,67,4,0,16,0,116,67,4,0,16,0
70,120,69,6,0,16,0,126,67,2,0,16,0,128,66,2,0,16,0
70,130,67,2,0,16,0,132,69,4,0,16,0,136,67,8,0,16,1
70,144,67,4,0,16,0,148,67,4,0,16,0,152,69,4,0,16,0
70,156,71,4,0,16,0,160,72,4,0,16,0,164,71,4,0,16,0
70,168,69,4,0,16,0,172,69,4,0,16,0,176,67,8,0,16,1
70,184,71,4,0,16,0,188,72,4,0,16,0,192,74,4,0,16,0
70,196,74,4,0,16,0,200,74,4,0,16,0,204,69,4,0,16,0
70,208,67,4,0,16,0,212,64,4,0,16,0,216,62,8,0,16,1
70,224,64,4,0,16,0,228,66,4,0,16,0,232,67,2,0,16,0
70,234,65,2,0,16,0,236,64,4,0,16,0,240,66,8,0,16,0
70,248,67,8,0,16,1,256,62,2,0,16,0,258,64,2,0,16,0
70,260,65,4,0,16,0,264,64,4,0,16,0,268,62,4,0,16,0
70,272,64,4,0,16,0,276,62,4,0,16,0,280,60,8,0,16,1
70,292,67,4,0,16,0,296,67,4,0,16,0,300,67,4,0,16,0
70,304,69,6,0,16,0,310,67,2,0,16,0,312,66,2,0,16,0
71,12,74,4,-2,16,0,16,72,1,-2,16,0,17,70,3,-2,16,0
71,20,69,2,-2,16,0,22,70,1,-2,16,0,23,72,1,-2,16,0
71,24,70,2,-2,16,0,26,69,2,-2,16,0,28,67,2,-2,16,0
71,30,69,2,-2,16,0,32,70,3,-2,16,0,35,72,1,-2,16,0
71,36,72,4,-2,16,0,40,74,4,-2,16,1,44,74,2,-2,16,0
71,46,75,2,-2,16,0,48,77,2,-2,16,0,50,75,2,-2,16,0
71,52,74,2,-2,16,0,54,72,2,-2,16,0,56,70,4,-2,16,0
71,60,72,2,-2,16,0,62,74,2,-2,16,0,64,75,8,-2,16,0
71,72,74,4,-2,16,1,76,77,4,-2,16,0,80,79,4,-2,16,0
71,84,77,2,-2,16,0,86,75,2,-2,16,0,88,74,2,-2,16,0
71,90,72,2,-2,16,0,92,70,2,-2,16,0,94,72,2,-2,16,0
71,96,74,2,-2,16,0,98,75,2,-2,16,0,100,72,4,-2,16,0
71,104,70,4,-2,16,1,108,74,4,-2,16,0,112,74,4,-2,16,0
71,116,74,4,-2,16,0,120,72,4,-2,16,0,124,70,2,-2,16,0
71,126,69,2,-2,16,0,128,69,8,-2,16,0,136,67,8,-2,16,1
71,144,70,4,-2,16,0,148,69,4,-2,16,0,152,67,8,-2,16,0
71,160,65,4,-2,16,1,164,65,4,-2,16,0,168,70,4,-2,16,0
71,172,70,4,-2,16,0,176,72,4,-2,16,0,180,72,4,-2,16,0
71,184,74,4,-2,16,1,188,75,4,-2,16,0,192,74,4,-2,16,0
71,196,72,4,-2,16,0,200,70,2,-2,16,0,202,69,2,-2,16,0
71,204,67,2,-2,16,0,206,69,2,-2,16,0,208,70,4,-2,16,0
73,12,67,4,-2,16,0,16,67,4,-2,16,0,20,66,4,-2,16,0
73,24,67,4,-2,16,0,28,69,4,-2,16,0,32,70,4,-2,16,0
73,36,69,4,-2,16,0,40,67,4,-2,16,1,44,67,4,-2,16,0
73,48,69,4,-2,16,0,52,69,4,-2,16,0,56,74,4,-2,16,0
73,60,72,4,-2,16,0,64,70,8,-2,16,0,72,69,4,-2,16,1
73,76,74,4,-2,16,0,80,72,4,-2,16,0,84,70,4,-2,16,0
73,88,69,2,-2,16,0,90,70,2,-2,16,0,92,72,4,-2,16,0
73,96,70,4,-2,16,0,100,69,4,-2,16,0,104,67,4,-2,16,1
73,108,70,4,-2,16,0,112,69,4,-2,16,0,116,67,4,-2,16,0
73,120,65,2,-2,16,0,122,64,2,-2,16,0,124,74,2,-2,16,0
73,126,64,2,-2,16,0,128,65,4,-2,16,0,132,67,4,-2,16,0
73,136,69,4,-2,16,1,140,69,4,-2,16,0,144,70,4,-2,16,0
73,148,72,4,-2,16,0,152,74,6,-2,16,0,158,72,2,-2,16,0
73,160,70,4,-2,16,0,164,72,2,-2,16,0,166,70,2,-2,16,0
118,12,70,4,-2,16,0,16,70,4,-2,16,0,20,77,4,-2,16,0
118,24,77,4,-2,16,0,28,75,2,-2,16,0,30,74,2,-2,16,0
118,32,72,4,-2,16,0,36,74,4,-2,16,0,40,75,2,-2,16,0
118,42,74,2,-2,16,0,44,72,4,-2,16,0,48,70,4,-2,16,1
118,52,70,4,-2,16,0,56,72,4,-2,16,0,60,74,4,-2,16,0
118,64,75,4,-2,16,0,68,72,4,-2,16,0,72,77,4,-2,16,0
118,76,79,4,-2,16,0,80,77,4,-2,16,1,84,74,4,-2,16,0
118,88,74,2,-2,16,0,90,75,2,-2,16,0,92,77,4,-2,16,0
118,96,75,4,-2,16,0,100,74,2,-2,16,0,102,72,2,-2,16,0
118,104,70,2,-2,16,0,106,72,2,-2,16,0,108,74,2,-2,16,0
118,110,72,2,-2,16,0,112,72,4,-2,16,1,116,74,4,-2,16,0
118,120,70,2,-2,16,0,122,72,2,-2,16,0,124,74,4,-2,16,0
118,128,75,4,-2,16,1,132,74,4,-2,16,0,136,72,4,-2,16,0
118,140,74,4,-2,16,0,144,75,4,-2,16,1,148,74,4,-2,16,0
118,152,72,4,-2,16,0,156,70,4,-2,16,0,160,77,6,-2,16,0
118,166,75,2,-2,16,0,168,74,4,-2,16,0,172,75,2,-2,16,0
119,12,65,2,-3,16,0,14,67,2,-3,16,0,16,68,4,-3,16,0
119,20,70,4,-3,16,0,24,72,4,-3,16,0,28,70,4,-3,16,0
119,32,75,4,-3,16,0,36,74,2,-3,16,0,38,72,2,-3,16,0
119,40,72,4,-3,16,1,44,70,4,-3,16,0,48,75,4,-3,16,0
119,52,74,4,-3,16,0,56,72,4,-3,16,0,60,70,4,-3,16,0
119,64,68,4,-3,16,0,68,67,4,-3,16,0,72,65,4,-3,16,1
119,76,65,2,-3,16,0,78,67,2,-3,16,0,80,68,4,-3,16,0
119,84,70,4,-3,16,0,88,72,4,-3,16,0,92,70,4,-3,16,0
119,96,75,4,-3,16,0,100,74,2,-3,16,0,102,72,2,-3,16,0
119,104,72,4,-3,16,1,108,70,4,-3,16,0,112,75,4,-3,16,0
119,116,74,4,-3,16,0,120,72,4,-3,16,0,124,70,4,-3,16,0
119,128,68,4,-3,16,0,132,67,4,-3,16,0,136,65,4,-3,16,1
119,140,65,4,-3,16,0,144,70,4,-3,16,0,148,70,4,-3,16,0
119,152,67,4,-3,16,0,156,72,4,-3,16,0,160,72,4,-3,16,0
119,164,71,4,-3,16,0,168,72,4,-3,16,1,172,72,4,-3,16,0
119,176,77,4,-3,16,0,180,77,4,-3,16,0,184,79,2,-3,16,0
119,186,77,2,-3,16,0,188,75,4,-3,16,0,192,77,2,-3,16,0
119,194,72,2,-3,16,0,196,74,4,-3,16,0,200,72,4,-3,16,1
119,204,74,4,-3,16,0,208,75,4,-3,16,0,212,74,4,-3,16,0
119,216,72,4,-3,16,0,220,70,4,-3,16,0,224,72,2,-3,16,0
119,226,70,2,-3,16,0,228,68,4,-3,16,0,232,67,4,-3,16,1
119,236,65,2,-3,16,0,238,67,2,-3,16,0,240,68,4,-3,16,0
119,244,70,4,-3,16,0,248,72,2,-3,16,0,250,70,2,-3,16,0
119,252,68,4,-3,16,0,256,70,2,-3,16,0,258,68,2,-3,16,0
119,260,67,4,-3,16,0,264,65,4,-3,16,1,268,77,4,-3,16,0
119,272,77,4,-3,16,0,276,77,4,-3,16,0,280,79,4,-3,16,0
119,284,77,4,-3,16,0,288,75,4,-3,16,0,292,74,4,-3,16,0
120,12,66,2,2,16,0,14,67,2,2,16,0,16,69,4,2,16,0
120,20,71,4,2,16,0,24,69,4,2,16,0,28,74,4,2,16,0
120,32,74,4,2,16,0,36,61,4,2,16,0,40,74,4,2,16,1
120,44,74,4,2,16,0,48,61,4,2,16,0,52,71,4,2,16,0
120,56,76,4,2,16,0,60,74,2,2,16,0,62,61,2,2,16,0
120,64,61,8,2,16,0,72,71,4,2,16,1,76,71,4,2,16,0
120,80,71,4,2,16,0,84,71,2,2,16,0,86,61,1,2,16,0
120,87,74,1,2,16,0,88,61,2,2,16,0,90,71,2,2,16,0
120,92,69,4,2,16,0,96,69,4,2,16,0,100,68,4,2,16,0
120,104,69,4,2,16,1,108,69,4,2,16,0,112,71,4,2,16,0
120,116,61,4,2,16,0,120,74,4,2,16,0,124,61,4,2,16,0
120,128,71,8,2,16,0,136,61,4,2,16,1,140,66,2,2,16,0
120,142,67,2,2,16,0,144,69,4,2,16,0,148,71,4,2,16,0
120,152,69,4,2,16,0,156,74,4,2,16,0,160,74,4,2,16,0
120,164,61,4,2,16,0,168,74,4,2,16,1,172,74,4,2,16,0
120,176,61,4,2,16,0,180,71,4,2,16,0,184,76,4,2,16,0
120,188,74,2,2,16,0,190,61,2,2,16,0,192,61,8,2,16,0
124,12,71,4,1,16,0,16,71,4,1,16,0,20,71,4,1,16,0
124,24,71,4,1,16,1,28,76,4,1,16,0,32,74,4,1,16,0
124,36,74,4,1,16,0,40,72,4,1,16,0,44,72,4,1,16,0
124,48,71,4,1,16,1,52,67,4,1,16,0,56,69,4,1,16,0
124,60,69,4,1,16,0,64,71,4,1,16,0,68,72,4,1,16,0
124,72,74,2,1,16,0,74,72,2,1,16,0,76,71,4,1,16,0
124,80,69,4,1,16,0,84,69,4,1,16,0,88,67,4,1,16,1
124,92,69,4,1,16,0,96,69,4,1,16,0,100,69,4,1,16,0
124,104,69,4,1,16,1,108,71,2,1,16,0,110,69,2,1,16,0
124,112,67,4,1,16,0,116,67,4,1,16,0,120,69,4,1,16,0
124,124,67,4,1,16,0,128,66,8,1,16,0,136,66,4,1,16,1
124,140,66,4,1,16,0,144,67,4,1,16,0,148,67,4,1,16,0
124,152,69,4,1,16,0,156,69,4,1,16,0,160,71,4,1,16,0
124,164,72,4,1,16,0,168,74,2,1,16,0,170,72,2,1,16,0
125,12,67,2,1,16,0,14,69,2,1,16,0,16,71,4,1,16,0
125,20,72,4,1,16,0,24,74,4,1,16,0,28,72,4,1,16,0
125,32,71,4,1,16,0,36,69,4,1,16,0,40,71,4,1,16,1
125,44,71,4,1,16,0,48,71,4,1,16,0,52,69,2,1,16,0
125,54,71,2,1,16,0,56,72,2,1,16,0,58,71,2,1,16,0
125,60,69,4,1,16,0,64,67,4,1,16,0,68,69,4,1,16,0
125,72,67,4,1,16,1,76,67,4,1,16,0,80,69,4,1,16,0
125,84,71,4,1,16,0,88,72,4,1,16,0,92,71,4,1,16,0
125,96,69,4,1,16,0,100,71,4,1,16,0,104,69,4,1,16,1
125,108,69,4,1,16,0,112,71,4,1,16,0,116,72,4,1,16,0
125,120,74,4,1,16,0,124,72,4,1,16,0,128,71,4,1,16,0
125,132,69,4,1,16,0,136,71,4,1,16,1,140,71,4,1,16,0
125,144,71,4,1,16,0,148,69,2,1,16,0,150,71,2,1,16,0
125,152,72,2,1,16,0,154,71,2,1,16,0,156,69,4,1,16,0
125,160,67,2,1,16,0,162,64,2,1,16,0,164,66,4,1,16,0
127,12,67,4,0,16,0,16,67,4,0,16,0,20,67,4,0,16,0
127,24,67,4,0,16,0,28,67,4,0,16,0,32,67,2,0,16,0
127,34,69,2,0,16,0,36,71,4,0,16,0,40,72,4,0,16,1
127,44,72,4,0,16,0,48,74,4,0,16,0,52,74,4,0,16,0
127,56,72,4,0,16,0,60,67,4,0,16,0,64,67,2,0,16,0
127,66,69,2,0,16,0,68,71,4,0,16,0,72,72,4,0,16,1
127,76,72,4,0,16,0,80,74,4,0,16,0,84,74,4,0,16,0
127,88,72,4,0,16,0,92,67,4,0,16,0,96,69,4,0,16,0
127,100,67,4,0,16,0,104,65,4,0,16,1,108,67,4,0,16,0
127,112,69,4,0,16,0,116,71,4,0,16,0,120,72,8,0,16,1
127,128,70,2,0,16,0,130,69,2,0,16,0,132,67,2,0,16,0
127,134,69,2,0,16,0,136,71,4,0,16,1,140,69,4,0,16,0
135,0,69,4,2,16,0,4,69,4,2,16,0,8,71,4,2,16,0
135,12,73,4,2,16,0,16,74,4,2,16,0,20,74,4,2,16,0
135,24,73,4,2,16,1,28,71,4,2,16,0,32,74,4,2,16,0
135,36,69,4,2,16,0,40,66,4,2,16,0,44,67,4,2,16,0
135,48,66,4,2,16,0,52,64,4,2,16,0,56,62,8,2,16,1
135,64,62,4,2,16,0,68,64,4,2,16,0,72,66,6,2,16,0
135,78,64,2,2,16,0,80,62,4,2,16,0,84,64,4,2,16,0
135,88,66,4,2,16,1,92,74,4,2,16,0,96,73,4,2,16,0
135,100,74,4,2,16,0,104,76,6,2,16,0,110,74,2,2,16,0
135,112,73,4,2,16,0,116,71,4,2,16,0,120,69,4,2,16,1
135,124,69,4,2,16,0,128,69,4,2,16,0,132,74,4,2,16,0
135,136,73,4,2,16,0,140,69,4,2,16,0,144,71,2,2,16,0
135,146,69,2,2,16,0,148,67,4,2,16,0,152,66,4,2,16,1
135,156,64,4,2,16,0,160,66,4,2,16,0,164,67,4,2,16,0
135,168,69,6,2,16,0,174,67,2,2,16,0,176,66,4,2,16,0
135,180,64,4,2,16,0,184,62,8,2,16,1,192,62,4,2,16,0
135,196,64,4,2,16,0,200,66,6,2,16,0,206,64,2,2,16,0
135,208,62,4,2,16,0,212,64,4,2,16,0,216,66,4,2,16,1
135,220,69,4,2,16,0,224,69,4,2,16,0,228,69,4,2,16,0
135,232,66,4,2,16,0,236,67,4,2,16,0,240,66,4,2,16,0
136,12,67,4,1,16,0,16,71,4,1,16,0,20,74,4,1,16,0
136,24,71,4,1,16,0,28,69,4,1,16,0,32,71,4,1,16,0
136,36,73,4,1,16,0,40,74,4,1,16,1,44,76,4,1,16,0
136,48,74,2,1,16,0,50,72,2,1,16,0,52,71,4,1,16,0
136,56,69,4,1,16,0,60,67,2,1,16,0,62,69,2,1,16,0
136,64,71,4,1,16,0,68,69,4,1,16,0,72,67,4,1,16,1
136,76,69,4,1,16,0,80,71,4,1,16,0,84,71,4,1,16,0
136,88,69,4,1,16,0,92,74,4,1,16,0,96,74,4,1,16,0
136,100,73,4,1,16,0,104,74,4,1,16,1,108,71,4,1,16,0
136,112,72,4,1,16,0,116,71,4,1,16,0,120,69,4,1,16,0
136,124,67,4,1,16,0,128,67,4,1,16,0,132,66,4,1,16,0
137,4,67,4,1,16,0,8,67,4,1,16,0,12,69,4,1,16,0
137,16,71,8,1,16,1,28,71,4,1,16,0,32,72,4,1,16,0
137,36,71,4,1,16,0,40,69,8,1,16,1,52,69,4,1,16,0
137,56,67,4,1,16,0,60,69,4,1,16,0,64,71,4,1,16,0
137,68,69,4,1,16,0,72,67,8,1,16,0,80,69,4,1,16,1
137,84,69,4,1,16,0,88,71,4,1,16,0,92,69,4,1,16,0
137,96,67,4,1,16,0,100,67,4,1,16,0,104,66,8,1,16,0
137,112,67,16,1,16,1,132,71,4,1,16,0,136,72,4,1,16,0
137,140,71,4,1,16,0,144,69,8,1,16,1,156,69,4,1,16,0
137,160,67,4,1,16,0,164,67,4,1,16,0,168,66,8,1,16,1
137,180,66,4,1,16,0,184,67,4,1,16,0,188,66,4,1,16,0
137,192,64,4,1,16,0,196,64,4,1,16,0,200,63,8,1,16,0
137,208,64,8,1,16,1,220,67,4,1,16,0,224,67,4,1,16,0
137,228,66,4,1,16,0,232,67,8,1,16,1,244,71,4,1,16,0
137,248,72,4,1,16,0,252,71,4,1,16,0,256,69,8,1,16,1
137,268,69,4,1,16,0,272,67,4,1,16,0,276,69,4,1,16,0
137,280,71,4,1,16,0,284,69,4,1,16,0,288,67,8,1,16,0
137,296,69,4,1,16,1,300,69,4,1,16,0,304,71,4,1,16,0
137,308,69,4,1,16,0,312,67,4,1,16,0,316,67,4,1,16,0
139,0,67,4,1,16,0,4,67,4,1,16,0,8,69,4,1,16,0
139,12,67,4,1,16,0,16,69,2,1,16,0,18,71,2,1,16,0
139,20,72,4,1,16,0,24,72,4,1,16,0,28,71,4,1,16,0
139,32,72,8,1,16,1,40,74,4,1,16,0,44,76,4,1,16,0
139,48,72,8,1,16,1,56,71,2,1,16,0,58,72,2,1,16,0
139,60,74,4,1,16,0,64,69,8,1,16,1,72,74,4,1,16,0
139,76,74,4,1,16,0,80,72,4,1,16,0,84,71,2,1,16,0
139,86,69,2,1,16,0,88,69,8,1,16,0,96,67,8,1,16,1
139,104,67,4,1,16,0,108,67,4,1,16,0,112,69,4,1,16,0
139,116,67,4,1,16,0,120,69,2,1,16,0,122,71,2,1,16,0
139,124,72,4,1,16,0,128,72,4,1,16,0,132,71,4,1,16,0
139,136,72,8,1,16,1,144,74,4,1,16,0,148,76,4,1,16,0
139,152,72,8,1,16,1,160,71,2,1,16,0,162,72,2,1,16,0
139,164,74,4,1,16,0,168,69,8,1,16,1,176,74,4,1,16,0
139,180,74,4,1,16,0,184,72,4,1,16,0,188,71,2,1,16,0
144,4,69,4,3,16,0,8,68,4,3,16,0,12,69,4,3,16,0
144,16,71,4,3,16,0,20,71,4,3,16,0,24,69,4,3,16,0
144,28,71,4,3,16,0,32,73,8,3,16,1,44,74,4,3,16,0
144,48,73,4,3,16,0,52,71,4,3,16,0,56,69,4,3,16,0
144,60,68,2,3,16,0,62,69,2,3,16,0,64,71,8,3,16,0
144,72,69,8,3,16,1,84,69,4,3,16,0,88,71,2,3,16,0
144,90,73,2,3,16,0,92,74,4,3,16,0,96,73,2,3,16,0
144,98,71,2,3,16,0,100,69,4,3,16,0,104,71,2,3,16,0
144,106,69,2,3,16,0,108,68,4,3,16,0,112,66,8,3,16,1
144,124,68,4,3,16,0,128,64,4,3,16,0,132,66,4,3,16,0
144,136,71,4,3,16,0,140,61,4,3,16,0,144,74,2,3,16,0
144,146,73,2,3,16,0,148,71,4,3,16,0,152,69,8,3,16,1
144,164,76,4,3,16,0,168,73,4,3,16,0,172,73,4,3,16,0
144,176,71,4,3,16,0,180,69,4,3,16,0,184,68,4,3,16,0
145,12,69,4,0,16,0,16,69,2,0,16,0,18,71,2,0,16,0
145,20,72,4,0,16,0,24,71,4,0,16,0,28,76,4,0,16,0
145,32,74,4,0,16,0,36,72,4,0,16,0,40,71,4,0,16,1
145,44,72,2,0,16,0,46,71,2,0,16,0,48,69,4,0,16,0
145,52,76,4,0,16,0,56,74,4,0,16,0,60,76,4,0,16,0
145,64,69,2,0,16,0,66,71,2,0,16,0,68,73,4,0,16,0
145,72,74,4,0,16,1,76,72,4,0,16,0,80,71,4,0,16,0
145,84,76,4,0,16,0,88,76,2,0,16,0,90,74,2,0,16,0
145,92,72,4,0,16,0,96,71,12,0,16,1,108,69,2,0,16,0
145,110,71,2,0,16,0,112,72,4,0,16,0,116,72,4,0,16,0
145,120,74,4,0,16,0,124,74,4,0,16,0,128,76,4,0,16,0
145,132,76,2,0,16,0,134,74,2,0,16,0,136,72,4,0,16,1
145,140,76,4,0,16,0,144,74,4,0,16,0,148,72,4,0,16,0
145,152,71,4,0,16,0,156,69,2,0,16,0,158,71,2,0,16,0
151,0,71,4,1,16,0,4,71,4,1,16,0,8,71,4,1,16,0
151,12,74,4,1,16,0,16,72,4,1,16,0,20,72,4,1,16,0
151,24,71,8,1,16,1,32,71,4,1,16,0,36,71,4,1,16,0
151,40,69,4,1,16,0,44,71,4,1,16,0,48,72,4,1,16,0
151,52,71,4,1,16,0,56,69,8,1,16,0,64,67,16,1,16,1
151,80,71,4,1,16,0,84,71,4,1,16,0,88,69,4,1,16,0
151,92,69,4,1,16,0,96,67,4,1,16,0,100,67,4,1,16,0
151,104,66,8,1,16,1,112,76,4,1,16,0,116,74,4,1,16,0
151,120,72,4,1,16,0,124,71,4,1,16,0,128,69,4,1,16,0
152,0,69,4,2,16,0,4,69,4,2,16,0,8,71,4,2,16,0
152,12,71,4,2,16,0,16,73,4,2,16,0,20,73,4,2,16,0
152,24,74,8,2,16,1,32,76,4,2,16,0,36,76,4,2,16,0
152,40,74,4,2,16,0,44,74,4,2,16,0,48,73,4,2,16,0
152,52,71,2,2,16,0,54,61,1,2,16,0,55,62,1,2,16,0
152,56,71,8,2,16,0,64,69,8,2,16,1,72,69,4,2,16,0
152,76,69,4,2,16,0,80,71,4,2,16,0,84,71,4,2,16,0
152,88,69,4,2,16,0,92,67,4,2,16,0,96,66,8,2,16,1
152,104,69,4,2,16,0,108,69,4,2,16,0,112,67,4,2,16,0
152,116,67,4,2,16,0,120,66,4,2,16,0,124,64,2,2,16,0
152,126,66,1,2,16,0,127,67,1,2,16,0,128,64,8,2,16,0
152,136,62,8,2,16,1,144,74,4,2,16,0,148,74,4,2,16,0
152,152,73,4,2,16,0,156,73,4,2,16,0,160,71,4,2,16,0
152,164,71,4,2,16,0,168,69,8,2,16,1,176,69,4,2,16,0
152,180,69,4,2,16,0,184,67,4,2,16,0,188,66,4,2,16,0
153,0,69,4,2,16,0,4,74,4,2,16,0,8,69,4,2,16,0
153,12,71,4,2,16,0,16,69,6,2,16,0,22,67,2,2,16,0
153,24,66,4,2,16,0,28,66,4,2,16,1,32,69,4,2,16,0
153,36,69,4,2,16,0,40,67,4,2,16,0,44,66,4,2,16,0
153,48,64,6,2,16,0,54,62,2,2,16,0,56,62,8,2,16,1
153,64,64,4,2,16,0,68,64,4,2,16,0,72,66,2,2,16,0
153,74,68,2,2,16,0,76,69,4,2,16,0,80,69,6,2,16,0
153,86,68,2,2,16,0,88,69,4,2,16,0,92,69,4,2,16,1
153,96,71,6,2,16,0,102,73,2,2,16,0,104,74,4,2,16,0
153,108,74,4,2,16,0,112,73,6,2,16,0,118,73,2,2,16,0
153,120,71,4,2,16,0,124,71,4,2,16,1,128,66,4,2,16,0
153,132,66,4,2,16,0,136,71,4,2,16,0,140,69,4,2,16,0
153,144,69,4,2,16,0,148,68,4,2,16,0,152,69,8,2,16,1
153,160,71,4,2,16,0,164,69,4,2,16,0,168,67,4,2,16,0
153,172,66,4,2,16,0,176,64,6,2,16,0,182,62,2,2,16,0
154,12,69,4,0,16,0,16,67,4,0,16,0,20,62,4,0,16,0
154,24,65,4,0,16,0,28,67,4,0,16,0,32,69,4,0,16,0
154,36,69,4,0,16,0,40,67,4,0,16,1,44,69,4,0,16,0
154,48,67,4,0,16,0,52,62,4,0,16,0,56,65,4,0,16,0
154,60,67,4,0,16,0,64,69,4,0,16,0,68,69,4,0,16,0
154,72,67,4,0,16,1,76,69,4,0,16,0,80,71,4,0,16,0
154,84,72,4,0,16,0,88,69,4,0,16,0,92,67,4,0,16,0
154,96,67,4,0,16,0,100,65,4,0,16,0,104,64,4,0,16,1
154,108,65,4,0,16,0,112,67,4,0,16,0,116,62,4,0,16,0
154,120,65,4,0,16,0,124,67,4,0,16,0,128,69,4,0,16,0
156,12,69,4,3,16,0,16,69,4,3,16,0,20,69,4,3,16,0
156,24,66,2,3,16,0,26,68,2,3,16,0,28,69,4,3,16,0
156,32,71,2,3,16,0,34,69,2,3,16,0,36,68,4,3,16,0
156,40,66,4,3,16,1,44,66,4,3,16,0,48,68,4,3,16,0
156,52,69,4,3,16,0,56,71,4,3,16,0,60,64,2,3,16,0
156,62,66,2,3,16,0,64,68,2,3,16,0,66,69,2,3,16,0
156,68,66,4,3,16,0,72,64,4,3,16,1,76,71,4,3,16,0
156,80,73,4,3,16,0,84,73,4,3,16,0,88,69,2,3,16,0
156,90,71,2,3,16,0,92,73,4,3,16,0,96,74,4,3,16,0
156,100,73,4,3,16,0,104,71,4,3,16,1,108,69,4,3,16,0
156,112,71,4,3,16,0,116,73,4,3,16,0,120,71,4,3,16,0
156,124,69,4,3,16,0,128,69,4,3,16,0,132,68,4,3,16,0
157,12,65,4,-1,16,0,16,72,4,-1,16,0,20,72,2,-1,16,0
157,22,70,2,-1,16,0,24,69,4,-1,16,0,28,67,4,-1,16,0
157,32,69,4,-1,16,0,36,71,4,-1,16,0,40,72,4,-1,16,1
157,44,72,4,-1,16,0,48,69,4,-1,16,0,52,72,4,-1,16,0
157,56,70,4,-1,16,0,60,72,4,-1,16,0,64,69,4,-1,16,0
157,68,67,4,-1,16,0,72,65,4,-1,16,1,76,72,4,-1,16,0
157,80,74,4,-1,16,0,84,74,4,-1,16,0,88,69,4,-1,16,0
157,92,72,4,-1,16,0,96,70,4,-1,16,0,100,70,4,-1,16,0
157,104,69,4,-1,16,1,108,77,4,-1,16,0,112,76,4,-1,16,0
157,116,74,4,-1,16,0,120,72,6,-1,16,0,126,74,2,-1,16,0
157,128,70,2,-1,16,0,130,69,2,-1,16,0,132,67,4,-1,16,0
158,12,67,4,1,16,0,16,67,4,1,16,0,20,67,4,1,16,0
158,24,69,4,1,16,0,28,71,4,1,16,0,32,72,2,1,16,0
158,34,71,2,1,16,0,36,69,4,1,16,0,40,67,8,1,16,1
158,48,69,4,1,16,0,52,69,4,1,16,0,56,64,4,1,16,0
158,60,66,4,1,16,0,64,67,4,1,16,0,68,69,4,1,16,0
158,72,67,4,1,16,1,76,67,4,1,16,0,80,74,4,1,16,0
158,84,74,4,1,16,0,88,76,4,1,16,0,92,74,2,1,16,0
158,94,72,2,1,16,0,96,71,4,1,16,0,100,73,4,1,16,0
158,104,74,4,1,16,1,108,74,4,1,16,0,112,74,4,1,16,0
158,116,74,4,1,16,0,120,76,4,1,16,0,124,74,2,1,16,0
158,126,72,2,1,16,0,128,71,4,1,16,0,132,69,4,1,16,0
158,136,67,8,1,16,1,144,64,4,1,16,0,148,66,4,1,16,0
158,152,67,4,1,16,0,156,64,4,1,16,0,160,62,4,1,16,0
158,164,61,4,1,16,0,168,62,8,1,16,1,176,67,4,1,16,0
158,180,67,4,1,16,0,184,69,4,1,16,0,188,71,4,1,16,0
158,192,72,2,1,16,0,194,71,2,1,16,0,196,69,4,1,16,0
158,200,67,8,1,16,1,208,69,4,1,16,0,212,69,4,1,16,0
158,216,64,4,1,16,0,220,66,4,1,16,0,224,67,2,1,16,0
158,226,66,2,1,16,0,228,64,4,1,16,0,232,62,4,1,16,1
158,236,65,4,1,16,0,240,64,4,1,16,0,244,60,4,1,16,0
158,248,64,4,1,16,0,252,66,4,1,16,0,256,67,4,1,16,0
161,0,62,8,-1,12,0,8,64,4,-1,12,0,12,65,8,-1,12,0
161,20,67,4,-1,12,0,24,69,8,-1,12,0,32,74,4,-1,12,0
161,36,73,8,-1,12,0,44,73,4,-1,12,1,48,74,8,-1,12,0
161,56,76,4,-1,12,0,60,77,12,-1,12,0,72,65,4,-1,12,0
161,76,67,6,-1,12,0,82,67,2,-1,12,0,84,65,12,-1,12,1
161,96,67,8,-1,12,0,104,67,4,-1,12,0,108,69,8,-1,12,0
161,116,72,4,-1,12,0,120,70,8,-1,12,0,128,67,4,-1,12,0
161,132,69,8,-1,12,0,140,69,4,-1,12,1,144,72,8,-1,12,0
161,152,72,4,-1,12,0,156,74,8,-1,12,0,164,77,4,-1,12,0
161,168,76,4,-1,12,0,172,74,4,-1,12,0,176,73,4,-1,12,0
162,12,69,4,0,16,0,16,69,4,0,16,0,20,67,2,0,16,0
162,22,65,2,0,16,0,24,64,4,0,16,0,28,69,4,0,16,0
162,32,67,4,0,16,0,36,64,4,0,16,0,40,65,4,0,16,1
162,44,69,4,0,16,0,48,69,4,0,16,0,52,67,2,0,16,0
162,54,65,2,0,16,0,56,64,4,0,16,0,60,69,4,0,16,0
162,64,67,4,0,16,0,68,64,4,0,16,0,72,65,4,0,16,1
162,76,69,4,0,16,0,80,71,4,0,16,0,84,73,4,0,16,0
162,88,74,4,0,16,0,92,69,2,0,16,0,94,71,2,0,16,0
162,96,72,4,0,16,0,100,71,4,0,16,0,104,69,4,0,16,1
162,108,71,4,0,16,0,112,72,4,0,16,0,116,71,4,0,16,0
162,120,69,4,0,16,0,124,69,4,0,16,0,128,67,2,0,16,0
162,130,65,2,0,16,0,132,64,4,0,16,0,136,65,4,0,16,1
162,140,67,4,0,16,0,144,67,4,0,16,0,148,69,4,0,16,0
162,152,67,2,0,16,0,154,65,2,0,16,0,156,64,4,0,16,0
162,160,65,4,0,16,0,164,65,4,0,16,0,168,64,4,0,16,1
162,172,71,4,0,16,0,176,72,4,0,16,0,180,71,4,0,16,0
162,184,69,4,0,16,0,188,64,4,0,16,0,192,69,4,0,16,0
163,12,74,4,-2,16,0,16,74,4,-2,16,0,20,74,4,-2,16,0
163,24,74,4,-2,16,0,28,72,4,-2,16,0,32,70,8,-2,16,0
163,40,69,4,-2,16,1,44,74,4,-2,16,0,48,74,2,-2,16,0
163,50,75,2,-2,16,0,52,77,4,-2,16,0,56,75,4,-2,16,0
163,60,74,4,-2,16,0,64,72,8,-2,16,0,72,74,4,-2,16,1
163,76,74,4,-2,16,0,80,72,4,-2,16,0,84,70,4,-2,16,0
163,88,69,4,-2,16,0,92,67,4,-2,16,0,96,69,4,-2,16,0
163,100,70,4,-2,16,0,104,69,4,-2,16,1,108,74,4,-2,16,0
163,112,70,4,-2,16,0,116,70,4,-2,16,0,120,72,4,-2,16,0
163,124,74,4,-2,16,0,128,75,4,-2,16,0,132,74,4,-2,16,0
163,136,72,4,-2,16,0,140,72,4,-2,16,0,144,74,6,-2,16,0
165,12,65,4,-1,16,0,16,65,4,-1,16,0,20,65,4,-1,16,0
165,24,72,4,-1,16,0,28,72,4,-1,16,0,32,74,8,-1,16,0
165,40,72,4,-1,16,1,44,72,4,-1,16,0,48,65,4,-1,16,0
165,52,67,4,-1,16,0,56,69,4,-1,16,0,60,70,4,-1,16,0
165,64,69,4,-1,16,0,68,67,2,-1,16,0,70,65,2,-1,16,0
165,72,65,4,-1,16,1,76,69,4,-1,16,0,80,69,4,-1,16,0
165,84,69,4,-1,16,0,88,67,4,-1,16,0,92,69,4,-1,16,0
165,96,65,2,-1,16,0,98,64,2,-1,16,0,100,62,4,-1,16,0
165,104,60,4,-1,16,1,108,72,4,-1,16,0,112,74,4,-1,16,0
165,116,72,4,-1,16,0,120,72,4,-1,16,0,124,69,2,-1,16,0
165,126,70,2,-1,16,0,128,72,4,-1,16,0,132,70,4,-1,16,0
165,136,69,4,-1,16,1,140,74,4,-1,16,0,144,72,2,-1,16,0
165,146,70,2,-1,16,0,148,69,4,-1,16,0,152,67,4,-1,16,0
165,156,69,4,-1,16,0,160,72,4,-1,16,0,164,69,4,-1,16,0
166,12,67,4,-2,16,0,16,70,4,-2,16,0,20,67,4,-2,16,0
166,24,66,4,-2,16,0,28,67,4,-2,16,0,32,69,8,-2,16,0
166,40,70,4,-2,16,1,44,70,4,-2,16,0,48,69,4,-2,16,0
166,52,70,4,-2,16,0,56,72,4,-2,16,0,60,69,4,-2,16,0
166,64,70,8,-2,16,0,72,69,4,-2,16,1,76,70,4,-2,16,0
166,80,69,4,-2,16,0,84,67,4,-2,16,0,88,67,4,-2,16,0
166,92,66,4,-2,16,0,96,67,12,-2,16,1,108,70,4,-2,16,0
166,112,70,4,-2,16,0,116,70,4,-2,16,0,120,69,4,-2,16,0
166,124,70,4,-2,16,0,128,67,8,-2,16,0,136,66,4,-2,16,1
166,140,70,4,-2,16,0,144,70,4,-2,16,0,148,70,4,-2,16,0
166,152,69,4,-2,16,0,156,70,4,-2,16,0,160,67,8,-2,16,0
166,168,66,4,-2,16,1,172,67,4,-2,16,0,176,69,2,-2,16,0
166,178,71,2,-2,16,0,180,72,4,-2,16,0,184,72,4,-2,16,0
166,188,71,4,-2,16,0,192,72,4,-2,16,1,196,69,4,-2,16,0
166,200,70,4,-2,16,0,204,69,4,-2,16,0,208,67,4,-2,16,0
169,0,73,4,3,16,0,4,69,4,3,16,0,8,71,4,3,16,0
169,12,71,4,3,16,0,16,73,4,3,16,0,20,75,4,3,16,0
169,24,76,8,3,16,1,32,71,4,3,16,0,36,73,4,3,16,0
169,40,74,4,3,16,0,44,73,4,3,16,0,48,71,8,3,16,0
169,56,69,8,3,16,1,64,71,4,3,16,0,68,71,4,3,16,0
169,72,76,4,3,16,0,76,76,4,3,16,0,80,74,4,3,16,0
169,84,74,4,3,16,0,88,73,8,3,16,1,96,71,4,3,16,0
169,100,71,4,3,16,0,104,69,4,3,16,0,108,68,4,3,16,0
169,112,66,8,3,16,0,120,64,8,3,16,1,128,69,4,3,16,0
169,132,69,4,3,16,0,136,74,4,3,16,0,140,74,4,3,16,0
169,144,73,4,3,16,0,148,73,4,3,16,0,152,71,8,3,16,1
169,160,69,4,3,16,0,164,69,4,3,16,0,168,69,4,3,16,0
169,172,69,4,3,16,0,176,71,8,3,16,0,184,64,8,3,16,1
169,192,76,4,3,16,0,196,74,4,3,16,0,200,73,4,3,16,0
169,204,71,4,3,16,0,208,69,4,3,16,0,212,68,4,3,16,0
169,216,66,8,3,16,1,224,69,4,3,16,0,228,69,4,3,16,0
169,232,74,4,3,16,0,236,73,4,3,16,0,240,71,8,3,16,0
170,0,71,4,2,16,0,4,71,4,2,16,0,8,69,4,2,16,0
170,12,74,4,2,16,0,16,73,2,2,16,0,18,71,2,2,16,0
170,20,73,4,2,16,0,24,71,8,2,16,1,32,71,2,2,16,0
170,34,73,2,2,16,0,36,74,4,2,16,0,40,76,4,2,16,0
170,44,74,4,2,16,0,48,76,4,2,16,0,52,78,4,2,16,0
170,56,74,8,2,16,1,64,74,4,2,16,0,68,76,4,2,16,0
170,72,78,2,2,16,0,74,76,2,2,16,0,76,74,4,2,16,0
170,80,76,2,2,16,0,82,74,2,2,16,0,84,73,4,2,16,0
170,88,71,8,2,16,1,96,71,4,2,16,0,100,71,4,2,16,0
170,104,69,4,2,16,0,108,74,4,2,16,0,112,73,2,2,16,0
172,0,67,4,-2,16,0,4,69,4,-2,16,0,8,70,4,-2,16,0
172,12,70,4,-2,16,0,16,72,4,-2,16,0,20,70,4,-2,16,0
172,24,69,4,-2,16,0,28,69,4,-2,16,1,32,70,4,-2,16,0
172,36,72,4,-2,16,0,40,74,4,-2,16,0,44,74,4,-2,16,0
172,48,75,4,-2,16,0,52,74,2,-2,16,0,54,72,2,-2,16,0
172,56,72,8,-2,16,0,64,70,8,-2,16,1,72,74,4,-2,16,0
172,76,72,4,-2,16,0,80,74,4,-2,16,0,84,74,4,-2,16,0
172,88,72,4,-2,16,0,92,70,4,-2,16,0,96,72,4,-2,16,0
172,100,72,4,-2,16,1,104,72,4,-2,16,0,108,74,4,-2,16,0
172,112,75,4,-2,16,0,116,75,4,-2,16,0,120,74,4,-2,16,0
172,124,72,2,-2,16,0,126,74,2,-2,16,0,128,74,8,-2,16,0
172,136,72,8,-2,16,1,144,67,4,-2,16,0,148,69,4,-2,16,0
172,152,70,4,-2,16,0,156,70,4,-2,16,0,160,72,4,-2,16,0
172,164,72,4,-2,16,0,168,74,4,-2,16,0,172,74,4,-2,16,1
172,176,74,4,-2,16,0,180,74,4,-2,16,0,184,75,4,-2,16,0
172,188,75,4,-2,16,0,192,72,4,-2,16,0,196,70,2,-2,16,0
174,0,67,4,-1,16,0,4,65,4,-1,16,0,8,65,4,-1,16,0
174,12,67,4,-1,16,0,16,69,4,-1,16,0,20,67,4,-1,16,0
174,24,65,4,-1,16,0,28,64,4,-1,16,0,32,62,8,-1,16,1
174,44,65,4,-1,16,0,48,67,4,-1,16,0,52,69,4,-1,16,0
174,56,67,4,-1,16,0,60,66,4,-1,16,0,64,67,8,-1,16,1
174,76,72,4,-1,16,0,80,67,2,-1,16,0,82,69,2,-1,16,0
174,84,70,4,-1,16,0,88,69,4,-1,16,0,92,67,4,-1,16,0
174,96,69,8,-1,16,1,108,67,4,-1,16,0,112,65,4,-1,16,0
174,116,67,4,-1,16,0,120,69,4,-1,16,0,124,67,4,-1,16,0
174,128,65,4,-1,16,0,132,64,4,-1,16,0,136,62,4,-1,16,1
174,140,65,4,-1,16,0,144,67,4,-1,16,0,148,69,4,-1,16,0
177,12,73,4,3,16,0,16,73,2,3,16,0,18,74,2,3,16,0
177,20,76,4,3,16,0,24,73,4,3,16,0,28,69,4,3,16,0
177,32,71,4,3,16,0,36,73,4,3,16,0,40,74,4,3,16,1
177,44,73,4,3,16,0,48,71,4,3,16,0,52,69,4,3,16,0
177,56,69,6,3,16,0,62,71,2,3,16,0,64,73,4,3,16,0
177,68,73,4,3,16,0,72,71,2,3,16,0,74,69,2,3,16,0
177,76,71,4,3,16,0,80,69,12,3,16,1,92,73,4,3,16,0
177,96,71,4,3,16,0,100,73,4,3,16,0,104,69,4,3,16,0
177,108,66,4,3,16,0,112,68,4,3,16,0,116,69,4,3,16,0
177,120,71,4,3,16,1,124,73,4,3,16,0,128,69,4,3,16,0
177,132,69,4,3,16,0,136,69,6,3,16,0,142,71,2,3,16,0
177,144,73,4,3,16,0,148,73,4,3,16,0,152,71,2,3,16,0
190,0,64,4,0,16,0,4,64,4,0,16,0,8,66,4,0,16,0
190,12,68,4,0,16,0,16,69,8,0,16,0,24,67,8,0,16,1
190,32,68,4,0,16,0,36,68,4,0,16,0,40,69,4,0,16,0
190,44,71,4,0,16,0,48,72,8,0,16,0,56,71,8,0,16,1
190,64,72,4,0,16,0,68,72,4,0,16,0,72,71,4,0,16,0
190,76,71,4,0,16,0,80,69,8,0,16,0,88,68,8,0,16,1
190,96,69,4,0,16,0,100,69,4,0,16,0,104,67,4,0,16,0
190,108,67,4,0,16,0,112,65,8,0,16,0,120,64,8,0,16,1
190,128,76,4,0,16,0,132,76,4,0,16,0,136,74,4,0,16,0
190,140,74,4,0,16,0,144,72,8,0,16,0,152,71,8,0,16,1
190,160,69,4,0,16,0,164,69,4,0,16,0,168,67,4,0,16,0
192,0,74,4,-2,12,0,4,70,4,-2,12,0,8,74,4,-2,12,0
192,12,75,8,-2,12,0,20,74,4,-2,12,0,24,72,8,-2,12,0
192,32,70,4,-2,12,0,36,72,8,-2,12,0,44,72,4,-2,12,1
192,48,74,4,-2,12,0,52,74,4,-2,12,0,56,74,4,-2,12,0
192,60,67,8,-2,12,0,68,69,4,-2,12,0,72,70,8,-2,12,0
192,80,70,4,-2,12,0,84,69,12,-2,12,1,96,65,4,-2,12,0
192,100,72,4,-2,12,0,104,72,4,-2,12,0,108,72,8,-2,12,0
192,116,74,4,-2,12,0,120,75,8,-2,12,0,128,75,4,-2,12,0
192,132,74,12,-2,12,1,144,77,4,-2,12,0,148,77,4,-2,12,0
192,152,77,4,-2,12,0,156,75,12,-2,12,0,168,74,4,-2,12,0
196,12,67,4,-3,16,0,16,67,4,-3,16,0,20,67,4,-3,16,0
196,24,70,4,-3,16,0,28,67,4,-3,16,0,32,70,4,-3,16,0
196,36,71,4,-3,16,0,40,72,4,-3,16,1,44,74,4,-3,16,0
196,48,75,2,-3,16,0,50,74,2,-3,16,0,52,72,2,-3,16,0
196,54,74,2,-3,16,0,56,75,4,-3,16,0,60,74,4,-3,16,0
196,64,72,4,-3,16,0,68,72,4,-3,16,0,72,71,4,-3,16,1
196,76,67,4,-3,16,0,80,72,2,-3,16,0,82,74,2,-3,16,0
196,84,75,4,-3,16,0,88,74,4,-3,16,0,92,72,4,-3,16,0
196,96,71,8,-3,16,0,104,72,4,-3,16,1,108,67,4,-3,16,0
196,112,67,4,-3,16,0,116,69,4,-3,16,0,120,70,4,-3,16,0
196,124,68,4,-3,16,0,128,67,4,-3,16,0,132,65,4,-3,16,0
196,136,63,4,-3,16,1,140,63,4,-3,16,0,144,70,4,-3,16,0
196,148,70,4,-3,16,0,152,72,4,-3,16,0,156,74,4,-3,16,0
196,160,75,4,-3,16,0,164,74,4,-3,16,0,168,75,4,-3,16,1
196,172,75,4,-3,16,0,176,77,4,-3,16,0,180,75,4,-3,16,0
196,184,74,4,-3,16,0,188,72,4,-3,16,0,192,72,4,-3,16,0
199,8,67,4,-1,12,0,12,69,8,-1,12,0,20,67,4,-1,12,0
199,24,65,8,-1,12,0,32,62,4,-1,12,0,36,65,12,-1,12,0
199,48,67,8,-1,12,1,56,69,4,-1,12,0,60,70,8,-1,12,0
199,68,74,4,-1,12,0,72,72,8,-1,12,0,80,70,4,-1,12,0
199,84,69,12,-1,12,0,96,67,8,-1,12,1,104,72,4,-1,12,0
199,108,72,8,-1,12,0,116,72,4,-1,12,0,120,74,8,-1,12,0
199,128,72,4,-1,12,0,132,70,4,-1,12,0,136,69,4,-1,12,0
199,140,67,4,-1,12,0,144,65,8,-1,12,1,152,65,4,-1,12,0
199,156,70,8,-1,12,0,164,69,4,-1,12,0,168,70,8,-1,12,0
199,176,72,4,-1,12,0,180,74,8,-1,12,0,188,72,4,-1,12,0
199,192,70,6,-1,12,0,198,69,2,-1,12,0,200,67,4,-1,12,0
199,204,66,8,-1,12,1,212,69,4,-1,12,0,216,70,8,-1,12,0
199,224,74,4,-1,12,0,228,72,8,-1,12,0,236,70,4,-1,12,0
200,0,72,4,0,16,0,4,67,4,0,16,0,8,69,4,0,16,0
200,12,71,4,0,16,0,16,72,8,0,16,0,24,72,4,0,16,1
200,28,67,4,0,16,0,32,72,4,0,16,0,36,70,4,0,16,0
200,40,69,8,0,16,0,48,67,8,0,16,1,56,67,4,0,16,0
200,60,69,4,0,16,0,64,70,4,0,16,0,68,72,4,0,16,0
200,72,70,4,0,16,0,76,69,4,0,16,0,80,67,8,0,16,1
200,88,67,4,0,16,0,92,72,4,0,16,0,96,72,4,0,16,0
200,100,71,4,0,16,0,104,72,8,0,16,1,112,72,4,0,16,0
200,116,72,4,0,16,0,120,74,4,0,16,0,124,74,4,0,16,0
200,128,72,4,0,16,0,132,70,4,0,16,0,136,69,8,0,16,1
200,144,67,4,0,16,0,148,69,4,0,16,0,152,70,4,0,16,0
200,156,69,4,0,16,0,160,67,8,0,16,1,168,70,4,0,16,0
200,172,72,4,0,16,0,176,74,4,0,16,0,180,75,2,0,16,0
200,182,74,2,0,16,0,184,72,8,0,16,0,192,74,8,0,16,1
200,200,74,4,0,16,0,204,72,4,0,16,0,208,74,4,0,16,0
200,212,72,4,0,16,0,216,70,4,0,16,0,220,67,4,0,16,0
207,0,62,4,-1,12,0,4,62,4,-1,12,0,8,62,4,-1,12,0
207,12,69,8,-1,12,0,20,69,4,-1,12,0,24,70,8,-1,12,0
207,32,70,4,-1,12,0,36,69,12,-1,12,1,48,65,4,-1,12,0
207,52,67,4,-1,12,0,56,69,4,-1,12,0,60,70,12,-1,12,0
207,72,69,4,-1,12,0,76,67,6,-1,12,0,82,65,2,-1,12,0
207,84,65,8,-1,12,1,92,67,4,-1,12,0,96,69,8,-1,12,0
207,104,67,4,-1,12,0,108,67,8,-1,12,0,116,69,4,-1,12,0
207,120,65,8,-1,12,0,128,65,4,-1,12,0,132,64,12,-1,12,1
207,144,62,4,-1,12,0,148,64,4,-1,12,0,152,65,4,-1,12,0
207,156,67,12,-1,12,0,168,65,4,-1,12,0,172,64,6,-1,12,0
211,0,72,4,0,16,0,4,71,4,0,16,0,8,69,4,0,16,0
211,12,69,4,0,16,0,16,69,4,0,16,0,20,71,4,0,16,0
211,24,72,2,0,16,0,26,71,2,0,16,0,28,69,4,0,16,0
211,32,67,8,0,16,1,44,71,4,0,16,0,48,72,4,0,16,0
211,52,71,4,0,16,0,56,72,4,0,16,0,60,69,4,0,16,0
211,64,71,4,0,16,0,68,67,4,0,16,0,72,69,8,0,16,0
211,80,71,8,0,16,1,92,71,4,0,16,0,96,71,4,0,16,0
211,100,71,4,0,16,0,104,69,4,0,16,0,108,71,4,0,16,0
211,112,72,8,0,16,1,120,67,4,0,16,0,124,67,4,0,16,0
211,128,69,4,0,16,0,132,71,4,0,16,0,136,72,4,0,16,0
211,140,69,4,0,16,0,144,71,8,0,16,1,152,71,4,0,16,0
211,156,72,4,0,16,0,160,74,4,0,16,0,164,74,4,0,16,0
211,168,72,4,0,16,0,172,69,4,0,16,0,176,71,8,0,16,1
211,184,74,4,0,16,0,188,74,4,0,16,0,192,74,4,0,16,0
211,196,74,4,0,16,0,200,76,4,0,16,0,204,74,2,0,16,0
211,206,72,2,0,16,0,208,71,8,0,16,1,216,71,4,0,16,0
211,220,67,4,0,16,0,224,69,4,0,16,0,228,71,2,0,16,0
211,230,72,2,0,16,0,232,74,2,0,16,0,234,72,2,0,16,0
211,236,71,4,0,16,0,240,69,4,0,16,0,244,71,4,0,16,0
212,0,63,4,-3,16,0,4,63,4,-3,16,0,8,70,4,-3,16,0
212,12,70,4,-3,16,0,16,72,4,-3,16,0,20,74,4,-3,16,0
212,24,75,8,-3,16,1,32,74,6,-3,16,0,38,75,2,-3,16,0
212,40,77,4,-3,16,0,44,70,4,-3,16,0,48,75,4,-3,16,0
212,52,74,4,-3,16,0,56,72,8,-3,16,0,64,70,8,-3,16,1
212,72,75,4,-3,16,0,76,75,4,-3,16,0,80,70,4,-3,16,0
212,84,70,4,-3,16,0,88,68,4,-3,16,0,92,68,4,-3,16,0
212,96,67,8,-3,16,1,104,70,4,-3,16,0,108,70,4,-3,16,0
212,112,68,4,-3,16,0,116,67,4,-3,16,0,120,65,8,-3,16,0
212,128,63,8,-3,16,1,136,65,4,-3,16,0,140,65,4,-3,16,0
212,144,67,2,-3,16,0,146,69,2,-3,16,0,148,70,4,-3,16,0
212,152,70,4,-3,16,0,156,69,4,-3,16,0,160,70,8,-3,16,1
212,168,72,4,-3,16,0,172,74,4,-3,16,0,176,75,8,-3,16,1
212,184,70,4,-3,16,0,188,70,4,-3,16,0,192,68,4,-3,16,0
216,0,69,8,3,16,0,8,71,4,3,16,0,12,73,4,3,16,0
216,16,75,8,3,16,1,28,75,4,3,16,0,32,76,4,3,16,0
216,36,71,4,3,16,0,40,71,4,3,16,0,44,74,4,3,16,0
216,48,73,12,3,16,1,60,71,4,3,16,0,64,73,2,3,16,0
216,66,75,2,3,16,0,68,76,4,3,16,0,72,76,4,3,16,0
216,76,75,4,3,16,0,80,76,8,3,16,1,88,69,8,3,16,0
216,96,71,4,3,16,0,100,73,4,3,16,0,104,75,8,3,16,1
216,116,75,4,3,16,0,120,76,4,3,16,0,124,71,4,3,16,0
216,128,71,4,3,16,0,132,74,4,3,16,0,136,73,8,3,16,1
216,148,71,4,3,16,0,152,73,2,3,16,0,154,75,2,3,16,0
216,156,76,4,3,16,0,160,76,4,3,16,0,164,75,4,3,16,0
216,168,76,8,3,16,1,180,71,4,3,16,0,184,71,4,3,16,0
216,188,71,4,3,16,0,192,73,4,3,16,0,196,71,4,3,16,0
216,200,74,4,3,16,0,204,73,4,3,16,0,208,73,8,3,16,0
216,216,71,8,3,16,1,228,71,4,3,16,0,232,71,4,3,16,0
216,236,71,4,3,16,0,240,73,4,3,16,0,244,71,4,3,16,0
216,248,74,4,3,16,0,252,73,4,3,16,0,256,73,8,3,16,0
216,264,71,8,3,16,1,276,76,4,3,16,0,280,73,4,3,16,0
216,284,71,4,3,16,0,288,69,8,3,16,1,300,76,4,3,16,0
226,12,67,4,-2,16,0,16,67,2,-2,16,0,18,69,2,-2,16,0
226,20,70,4,-2,16,0,24,69,2,-2,16,0,26,67,2,-2,16,0
226,28,65,4,-2,16,0,32,70,4,-2,16,0,36,69,4,-2,16,0
226,40,70,4,-2,16,1,44,70,4,-2,16,0,48,69,4,-2,16,0
226,52,67,4,-2,16,0,56,60,4,-2,16,0,60,70,4,-2,16,0
226,64,69,8,-2,16,0,72,67,4,-2,16,1,76,74,4,-2,16,0
226,80,70,4,-2,16,0,84,60,4,-2,16,0,88,74,4,-2,16,0
226,92,60,4,-2,16,0,96,70,4,-2,16,0,100,70,4,-2,16,0
226,104,69,4,-2,16,1,108,70,4,-2,16,0,112,70,4,-2,16,0
226,116,69,4,-2,16,0,120,70,4,-2,16,0,124,69,4,-2,16,0
226,128,67,4,-2,16,0,132,67,4,-2,16,0,136,66,4,-2,16,1
226,140,70,4,-2,16,0,144,69,4,-2,16,0,148,67,4,-2,16,0
226,152,60,4,-2,16,0,156,70,4,-2,16,0,160,69,8,-2,16,0
230,12,67,4,-2,16,0,16,67,4,-2,16,0,20,70,4,-2,16,0
230,24,69,4,-2,16,0,28,67,4,-2,16,0,32,70,4,-2,16,0
230,36,60,4,-2,16,0,40,74,4,-2,16,1,44,74,4,-2,16,0
230,48,74,4,-2,16,0,52,74,2,-2,16,0,54,75,2,-2,16,0
230,56,77,2,-2,16,0,58,75,2,-2,16,0,60,74,4,-2,16,0
230,64,72,4,-2,16,0,68,72,4,-2,16,0,72,70,4,-2,16,1
230,76,70,4,-2,16,0,80,70,4,-2,16,0,84,74,4,-2,16,0
230,88,72,4,-2,16,0,92,69,4,-2,16,0,96,70,4,-2,16,0
230,100,72,4,-2,16,0,104,74,4,-2,16,1,108,74,4,-2,16,0
230,112,74,4,-2,16,0,116,74,4,-2,16,0,120,72,4,-2,16,0
230,124,72,4,-2,16,0,128,70,6,-2,16,0,134,69,1,-2,16,0
230,135,67,1,-2,16,0,136,65,4,-2,16,1,140,65,4,-2,16,0
230,144,70,2,-2,16,0,146,72,2,-2,16,0,148,74,4,-2,16,0
230,152,72,4,-2,16,0,156,74,4,-2,16,0,160,70,4,-2,16,0
238,0,64,4,1,16,0,4,64,4,1,16,0,8,71,4,1,16,0
238,12,71,2,1,16,0,14,72,2,1,16,0,16,74,4,1,16,0
238,20,71,4,1,16,0,24,67,4,1,16,0,28,69,2,1,16,0
238,30,71,2,1,16,0,32,72,8,1,16,0,40,71,8,1,16,1
238,48,69,4,1,16,0,52,69,4,1,16,0,56,67,4,1,16,0
238,60,69,4,1,16,0,64,71,4,1,16,0,68,69,4,1,16,0
238,72,67,4,1,16,0,76,66,4,1,16,0,80,64,8,1,16,0
238,88,62,8,1,16,1,96,67,4,1,16,0,100,66,4,1,16,0
238,104,67,2,1,16,0,106,69,2,1,16,0,108,71,4,1,16,0
238,112,69,2,1,16,0,114,67,2,1,16,0,116,66,4,1,16,0
238,120,64,8,1,16,1,128,66,4,1,16,0,132,64,2,1,16,0
238,134,66,2,1,16,0,136,67,4,1,16,0,140,66,4,1,16,0
248,12,74,4,1,16,0,16,74,4,1,16,0,20,74,4,1,16,0
248,24,74,2,1,16,0,26,76,2,1,16,0,28,77,4,1,16,0
248,32,76,4,1,16,0,36,74,4,1,16,0,40,72,4,1,16,1
248,44,74,4,1,16,0,48,71,2,1,16,0,50,69,2,1,16,0
248,52,67,2,1,16,0,54,69,2,1,16,0,56,71,4,1,16,0
248,60,73,4,1,16,0,64,74,4,1,16,0,68,76,4,1,16,0
248,72,74,4,1,16,1,76,74,4,1,16,0,80,79,4,1,16,0
248,84,78,4,1,16,0,88,76,4,1,16,0,92,78,4,1,16,0
248,96,79,2,1,16,0,98,78,2,1,16,0,100,76,4,1,16,0
248,104,74,4,1,16,1,108,74,4,1,16,0,112,79,4,1,16,0
248,116,74,4,1,16,0,120,76,4,1,16,0,124,71,2,1,16,0
248,126,72,2,1,16,0,128,74,4,1,16,0,132,72,4,1,16,0
248,136,71,4,1,16,1,140,71,4,1,16,0,144,69,2,1,16,0
248,146,71,2,1,16,0,148,72,4,1,16,0,152,71,4,1,16,0
248,156,69,4,1,16,0,160,64,4,1,16,0,164,66,4,1,16,0
269,0,74,4,-2,16,0,4,74,4,-2,16,0,8,69,4,-2,16,0
269,12,70,4,-2,16,0,16,72,4,-2,16,0,20,70,2,-2,16,0
269,22,69,2,-2,16,0,24,69,8,-2,16,0,32,67,8,-2,16,1
269,40,70,4,-2,16,0,44,70,4,-2,16,0,48,69,4,-2,16,0
269,52,67,4,-2,16,0,56,66,4,-2,16,0,60,67,4,-2,16,0
269,64,69,16,-2,16,1,80,69,4,-2,16,0,84,70,4,-2,16,0
269,88,72,4,-2,16,0,92,69,4,-2,16,0,96,70,4,-2,16,0
269,100,69,2,-2,16,0,102,67,2,-2,16,0,104,67,8,-2,16,0
269,112,65,8,-2,16,1,120,70,4,-2,16,0,124,72,4,-2,16,0
269,128,74,4,-2,16,0,132,70,4,-2,16,0,136,75,4,-2,16,0
269,140,74,4,-2,16,0,144,72,8,-2,16,0,152,70,8,-2,16,1
269,160,69,4,-2,16,0,164,70,4,-2,16,0,168,72,4,-2,16,0
269,172,74,4,-2,16,0,176,72,4,-2,16,0,180,70,4,-2,16,0
269,184,69,8,-2,16,1,192,67,4,-2,16,0,196,69,4,-2,16,0
269,200,70,4,-2,16,0,204,72,2,-2,16,0,206,70,2,-2,16,0
285,0,72,4,0,16,0,4,72,2,0,16,0,6,71,2,0,16,0
285,8,69,2,0,16,0,10,71,2,0,16,0,12,72,2,0,16,0
285,14,74,2,0,16,0,16,76,4,0,16,0,20,74,4,0,16,0
285,24,74,4,0,16,0,28,72,4,0,16,1,32,72,4,0,16,0
285,36,71,4,0,16,0,40,69,2,0,16,0,42,71,2,0,16,0
285,44,72,4,0,16,0,48,74,4,0,16,0,52,71,8,0,16,0
285,60,69,4,0,16,1,64,74,4,0,16,0,68,76,4,0,16,0
285,72,76,4,0,16,0,76,71,2,0,16,0,78,72,2,0,16,0
285,80,74,4,0,16,0,84,72,4,0,16,0,88,72,4,0,16,0
285,92,71,4,0,16,1,96,72,4,0,16,0,100,74,4,0,16,0
285,104,69,2,0,16,0,106,71,2,0,16,0,108,72,4,0,16,0
285,112,71,4,0,16,0,116,69,4,0,16,0,120,69,4,0,16,0
285,124,67,4,0,16,1,128,72,4,0,16,0,132,71,4,0,16,0
285,136,69,2,0,16,0,138,71,2,0,16,0,140,72,4,0,16,0
285,144,74,2,0,16,0,146,72,2,0,16,0,148,71,8,0,16,0
